channel_id,title,subscriber_count,discovery_method,first_seen_at,description,engagement_rate,cadence,velocity
UCEAAzv2OBqxsSczKJ2QZyGQ,Pushkar Raj Thakur: Stock Market Educator 📈,15200000,keyword,2026-08-14 19:09:25.699321+03:00,"Pushkar Raj Thakur is India's Leading Stock Market Educator, Finance Influencer & Business Coach. 

He is a Guinness World Record Holder for the Largest Financial Investment Lesson and Largest Social Media Marketing Lesson. 

With Millions of  Followers on all major Social Media Platforms, he is known for his versatile knowledge of Financial Education, the Stock Market, Personal Mastery, Sales, Marketing, Human Psychology and Business Development.

- NISM Certified Research Analyst

- NISM Certified Mutual Fund Distributor

- IRDA Certified",0.043321,40.81,0.9715
UCe3qdG0A_gr-sEdat5y2twQ,CA Rachana Phadke Ranade,5400000,keyword,2026-08-14 19:09:17.093739+03:00,"To Learn Stock Market in simplified language checkout our courses:

Beginner Level: 
1. Mastering Money Management 
2. Basics of Stock Market
3. Magic of Mutual Funds

Intermediate Level:
4. Fundamental Analysis
5. Technical Analysis

Advance Level:
6. Art of Value Investing
7. Futures & Options
8. Decoding Price Action Analysis

Membership:
Pro Investor Membership (Yearly)

Visit: www.rachanaranade.com to know more about the courses.
For support, message us on WhatsApp at +91 97635 04342 or email at support@rachanaranade.com

For business and collaboration opportunities, reach out at: +91 8830445446 | Email: brands@rachanaranade.com
",0.025034,26.37,0.471
UCV6KDgJskWaEckne5aPA0aQ,Graham Stephan,5180000,unattributed,2026-08-14 18:58:01.944944+03:00,"As a 34 year old real estate investor who started working in real estate shortly after turning 18, with over $120,000,000 in residential sales since 2008, I've created this channel to share my successes, failures, and experiences in real estate, personal finance, and investing news. I'm also obsessed with frugality and credit card churning...a lot. So Subscribe! Because all the cool kids are doing it.  

Feel free to follow me on Snapchat / Instagram: GPStephan",0.022595,23.83,1.334
UCxmorbDaKl3yM5si8UsDqfg,Money Saving Man,3830000,keyword,2026-08-14 19:15:59.205711+03:00,"Welcome to my YouTube channel！🎉🎉
Tests & Hacks & Tricks & Experiments✨

TikTok : 1.3M
Instagram: intend
Please subscribe to me🙏

TikTok：@money.saving.man
YouTube：@MoneySaving_Man
Instagram：@moneysaving.man
Facebook: @moneysaving.man

⚠️I have many imposters, please don't trust other accounts！

👇🏻Product link in LinKtree👇🏻",0.022994,2.19,0.2106
UCwVEhEzsjLym_u1he4XWFkg,Finance With Sharan,3730000,keyword,2026-08-14 18:57:55.164698+03:00,"Sharan Hegde is the founder and CEO of 1% Club- a fintech app building AI CFO for every Indian.

SEBI RIA- INA000018896

Sharan Hegde simplifies personal finance, investing, taxation, insurance, credit cards, and retirement planning - making money more actionable and less intimidating.

With 9M+ followers across platforms and 7L+ learners educated through 1% Club, Sharan has built India's most trusted personal finance education brand. 1% Club has since evolved into an AI-powered fintech app that helps users invest, plan, and manage money in one place - a modern replacement for your bank RM.

Featured in Forbes, Economic Times, Mint, and Times of India, Sharan is a Columbia MBA dropout based in Mumbai.
Subscribe to learn how money actually works.
",0.016261,56.01,0.583
UCGy7SkBjcIAgTiwkXEtPnYg,Andrei Jikh,3350000,unattributed,2026-08-14 18:57:54.060016+03:00,"I will NEVER contact you for business or promotions (even if it comes from my legit email). I will not use IG, Telegram, or whatsapp to reach out - please ignore and report those accounts. 

I'm like Harry Potter - if he was a financial minimalist, did card tricks and worried about money. Biz inquiries: andrei@majikh.com
",0.028275,36.55,1.2
UCT3EznhW_CNFcfOlyDNTLLw,Minority Mindset,2510000,unattributed,2026-08-14 18:57:50.345268+03:00,"What's up everybody? I am Jaspreet Singh.

I'm the founder/Chief Executive Money Nerd at Briefs Media - https://www.briefs.co

On YouTube, I'm the host of The Minority Mindset Show. I'm on a mission to help spread financial education. Say goodbye to boring personal finance! 

Check out our website: https://www.theminoritymindset.com

NEW VIDEOS EVERY WEEK! Subscribe so you don't miss our newest videos.
",0.039142,21.43,0.3316
UCqW8jxh4tH1Z1sWPbkGWL4g,Akshat Shrivastava,2270000,keyword,2026-08-14 19:09:23.074463+03:00,,0.021232,7.54,0.553
UCQpPo9BNwezg54N9hMFQp6Q,Nischa,2240000,keyword,2026-08-14 18:58:17.891834+03:00,"Reserve your seat for my free investing workshop: https://link.nischa.me/investytb

I’m a former Investment Banker (with an accountancy qualification) and on this channel we explore all things personal finance, self development and business.
",0.030218,11.63,1.6104
UCBayuhgYpKNbhJxfExYkPfA,Ross Cameron - Warrior Trading,2090000,keyword,2026-08-14 19:09:32.254998+03:00,"Ross Cameron is best known for turning $583.15 into over $18 million day trading. His results are NOT typical. Most day traders lose money. But Ross isn't an average day trader. Here on YouTube you can learn from Ross. We hope you enjoy it!

You should not watch our videos if you don't agree to our full disclaimer found here: https://www.warriortrading.com/disclaimer/.  

No Recommendations or Advice Provided – Contact Your Own Investment, Tax or Legal Adviser

Day Trading is a high risk activity and can result in the loss of your investment. Any trade or investment is at your own risk. Warrior Trading may express or utilize testimonials or descriptions of past performance, but such items are not indicative of future results or performance, or any representation, warranty or guaranty that any result will be obtained by you. Your results may differ materially from those expressed or utilized by Warrior Trading due to a number of factors.  This does not represent our full Disclaimer.",0.060256,63.47,0.5455
UCFBpVaKCC0ajGps1vf0AgBg,Humphrey Yang,2070000,keyword,2026-08-14 19:00:03.732560+03:00,"Former Financial Advisor (Series 7, 66), Previously worked in Gaming. Explainers, Personal Finance, Reviews & More.

My friends would ask me finance questions all the time, so I made this channel so I could send them videos answering those questions. I love explaining things simply, and making it fun and easy. This channel is great for beginners and intermediates who are looking to build wealth, learn how to keep their wealth, and get better with personal finance, budgeting, and investing. I also focus a lot of self improvement and productivity, so if you're into that - I hope you stick around!

Partnerships inquiries - please email:
humphrey@wmeagency.com
",0.026026,17.88,0.5766
UCUvvj5lwue7PspotMDjk5UA,Meet Kevin,2050000,unattributed,2026-08-14 19:05:07.226252+03:00,"Hey everyone, Meet Kevin here! I want you to always remember one thing about me: I BELIEVE in ""providing more"" in everything. ALWAYS provide more. I’m a dad of 7 amazing kids and have been with my incredible wife for over 16 years. Family is my anchor.

I thrive on learning, growing, and giving back. I’ve built my career on mastering the tools of success and helping others do the same. That’s why I’ve earned a diverse range of licenses to expand what I do and deliver value at every opportunity. I’m a licensed real estate broker and financial advisor.

I’ve spent the last 15+ years studying markets, investing, and building businesses, but I’m just getting started.

See ya soon!
Kevin
",0.022226,93.45,1.1899
UChneGqGy_lmvfcR1v_avL6g,Stock Market का Commando,2040000,keyword,2026-08-14 19:09:36.777916+03:00,"Hello everyone I am  Founder & CEO of ""SMkC"" channel (Stock Market का Commando)
In this channel you will get ""stock market knowledge"" ""stock market updates"" ""stock market latest news"" ""stock market news"" ""stock market fundamental analysis"" ""stock market technical analysis"" ""stock market charts"" ""stock market for beginners"" ""stock market in Hindi"" ""stock market related guidance"" etc... 

This channel is only for education and knowledge purpose  

IMP Note : 
There is No Paid Membership , No Join Button , No Website / Instagram / FB / Whats app group / telegram or any other social media . ( if u found any than its fake ) 
( we have 3 Official YouTube Channels ONLY i.e. SMKC , SMC & Let's Learn Stock Market & Finance 
& All are 100% FREE ) 

I am not a SEBI registered.
I am just keeping my point of view about stock market and shares.
Hence before taking any decision consult or discuss with u r financial Advisor.

Happy Learning :)",0.081394,87.84,0.513
UC2zVhoKml5z9cGsiptWxCgA,Casper Capital,1760000,keyword,2026-08-14 19:12:01.924691+03:00,"Partnerships@caspercapital.co

I make videos about personal finance, side hustles, credit, and investing 💸
",0.035222,19.01,0.2055
UCSPYNpQ2fHv9HJ-q6MIMaPw,The Financial Diet,1340000,unattributed,2026-08-14 18:58:00.196380+03:00,"The Financial Diet helps you rethink your relationship with money, culture, and class.

Education & commentary on the systems we interact with every day, from influencer culture, to economic systems, to financial privilege.

Talk to us at hello@thefinancialdiet.com",0.051614,30.6,0.5631
UCFCEuCsyWP0YkP3CZ3Mr01Q,The Plain Bagel,1200000,unattributed,2026-08-14 19:05:17.101744+03:00,"Investing and personal finance educational videos with a hint of economics, posted regularly.

I'm a CFA charterholder and CFP professional working as an analyst for an investment management company in Ottawa. I'm a huge finance nerd and am passionate about the field - I think people lack the resources they need to make educated financial decisions, and hopefully this channel helps with that!

For collaboration/other inquiries: richard@theplainbagel.com

For sponsorships:
sponsorships@theplainbagel.com

DISCLAIMER:
The videos on this channel are for education purposes only and do not constitute financial advice. Richard Coffin does not provide recommendations on The Plain Bagel - those looking for investment advice should seek out a registered professional. Richard is not responsible for investment actions taken by viewers and his content should not be used as a basis for investment trades.",0.042077,2.5,1.1543
UC94m18wtI9QAYrXKXqFPWDg,Ben Mallah,1100000,keyword,2026-08-14 19:05:01.998510+03:00,"Playing monopoly for Real.
Over 30 years of Real Estate Investing  
Private phone call or meeting with Ben https://BenMallah.com 
Live events https://BenMallah.com/Live 
Speaking engagements available! 
Email AskBen@BenMallah.com (NO short form inquires, it will be ignored) 

Stay at Ben's Hotel: https://BensHotels.com
Ben's properties for sale https://1031save.com 
Follow Ben:
Twitter https://twitter.com/ben_mallah 
Instagram https://www.instagram.com/realbenmallah
Facebook https://www.facebook.com/Ben-Mallah-L...
Spotify https://open.spotify.com/album/7xQOjA...

MERCH!
teespring.com/stores/ben-mallah-life-...

Rafal (Production/Editing)
https://www.instagram.com/scoopof3d

Spotify https://open.spotify.com/album/7xQOjA...

Real Estate,
Real Estate Investing, 
Personal Finance, 
Stocks, 
Comedy, Funny, 
Rich people,
Millionaires,
commercial real estate,
how to make money,
motivation,  private jet, money, podcast, 

",0.02502,4.63,0.6377
UCY3cHUi4DFx-DyGBlH-tVjw,STOCK MARKET CLASSES,1020000,keyword,2026-08-14 19:09:15.739936+03:00,"Hello everyone I am Founder & CEO of ""SMC"" channel (Stock Market Classes).
In this channel you will get ""Basics of Stock Market For Beginners Lecture "" ""stock market knowledge"" ""Business Ideas"" ""stock market latest news"" ""stock market news"" ""stock market fundamental analysis"" ""stock market technical analysis"" ""stock market charts"" ""stock market for beginners"" ""stock market in Hindi"" ""Financial awareness"" ""finance news"" "" FREE Stock Market Classes in Hindi"" ''Stock Market Basics"" etc...

This channel is only for education and knowledge purpose
IMP Note :
There is No Paid Membership , No Join Button , No Website / Instagram / FB / Whats app group / telegram or any other social media . ( if u found any than its fake )
( we have 2 Official YouTube Channels ONLY i.e. SMKC & SMC & both are 100% FREE )

I am not a SEBI registered.
I am just keeping my point of view about stock market and shares.
Hence before taking any decision consult or discuss with u r financial Advisor.

Happy Learning :)",0.116019,4.2,0.6732
UCnMn36GT_H0X-w5_ckLtlgQ,Financial Education,948000,keyword,2026-08-14 18:58:12.731806+03:00,"My name is Jeremy Lefebvre and I created the Financial Education Channel as somewhere people from all backgrounds, countries etc can come and learn about Investing, Personal Finance and entrepreneurship!

Apply to join my private Stock group & Wealth Group with this link

FAQ
*What do you do each day?
Now a days I focus most of my time on finding the next home run stocks, running my stock portfolios, help my private stock group members reach 6 figure, 7 figure and 8 figure milestones, and lastly record Youtube videos! I use to have a real estate marketing company before youtube took off. Before that I was a manager for a company named Quiktrip.

*Wife Kids?
Yes I have a beautiful wife and 2 awesome little boys

*When did you start the Financial Education channel?
I started in  2016

*Any advice to retail investors?
Do Research and watch my videos on investing!",0.060123,11.1,0.7433
UCBqvATpjSubtNxpqUDj4_cA,Anshuman Sharma,937000,keyword,2026-08-14 18:58:15.141801+03:00,I am a mutual fund advisor who is now on a mission to make finance a part of the pop culture. ,0.020285,16.65,1.4719
UC0BGhWsIbV7Dm-lsvhdlMbA,ZipTrader,896000,keyword,2026-08-14 19:05:19.867055+03:00,"I'm Charlie Plattus, and this is ZipTrader—your home for market analysis that's actually easy to understand. We dig into growth stocks, emerging sectors, technical setups, and the macro trends shaping where money flows next. Whether it's AI, energy, biotech, or whatever's moving markets tomorrow, we're breaking it down so you can stay ahead of the curve. Let's get to work!

Our Terms of Service - https://ziptrader.com/termsofservice/
",0.037136,10.95,0.8918
UCbKdotYtcY9SxoU8CYAXdvg,"Let's Talk Money! with Joseph Hogue, CFA",754000,keyword,2026-08-14 19:09:14.388762+03:00,"Welcome to your chance to create the financial future you deserve. I spent more than a decade in stock analysis for private wealth management and venture capital but I love the face-to-face interaction we get here on YouTube. I pride myself on professional analysis you won't see anywhere else on YouTube! 

Joseph Hogue is a financial expert and investment analyst. After serving in the Marine Corps, he started his career investing in real estate before becoming an investment analyst for some of the largest private investors. He's appeared on Bloomberg and on CNBC as an investment expert and has published ten books on investing. He holds a master's degree and the Chartered Financial Analyst (CFA) designation. Now he helps investors reach their financial goals and invest in the stock market with some of the same advice he used when working for the rich.

Don't forget to subscribe to the channel, it's free and you'll never miss a video.",0.032789,16.64,0.9004
UChObmEJP3bgGUXJGc2ePP3Q,Our Rich Journey,682000,unattributed,2026-08-14 19:11:58.733144+03:00,"Welcome to Our Rich Journey!

If you’ve been following our story, you know that our family of four reached FIRE (financial independence retire early) in August 2019. That’s right - at the age of 39, we retired early and moved to Lisbon, Portugal!

When we started pursuing FIRE, the movement was relatively small and not many people knew about it.  But through our Channel, we’re hoping more people learn about FIRE! In our videos we share ways to make money, save money, and invest money - to inspire you to pursue financial independence.  

Our goal is to share our experiences with you, so that you can learn from them and so that you can also successfully pursue financial independence. We’ve created quite the community of Our Rich Journey FIRE starters.  So, what are you waiting for? Join the journey and start that FIRE! 

Subscribe NOW!",0.053216,6.73,0.7824
UCkcnYVAVZQOB-nXHechtXDg,Benjamin,643000,keyword,2026-08-14 19:09:10.111607+03:00,"
",0.034859,0.54,0.3066
UCOHxDwCcOzBaLkeTazanwcw,Bravos Research,636000,keyword,2026-08-14 19:05:23.288917+03:00,"Welcome to Bravos Research! We’re here to help you profit from global markets with trade ideas, data-driven market analysis and education.

Our mission is to always strive to understand markets and achieve superior returns.

Our investment strategy combines macro and technical analysis. We look at economic data and signals from stocks, currencies, and credit markets. Technical analysis helps us time the market, ensuring we make each decision with the highest probability of success.

But profitable trading isn’t just about great research. We believe having the right mindset is just as important to being a successful trader. Many of the well-known Wall Street strategists fail to be profitable because they let emotions take control and can’t manage risk.
That’s why we help our clients manage their psychology, risk management, and develop discipline.

Our goal is to give you both the edge and the mindset to consistently profit from markets.

Visit https://www.bravosresearch.com
",0.025926,5.77,0.935
UCDXTQ8nWmx_EhZ2v-kp7QxA,Ben Felix,624000,keyword,2026-08-14 19:00:11.089867+03:00,"I post videos on investing, financial decision-making, and living a good life.

My name is Ben Felix. I am a Portfolio Manager and the Chief Investment Officer at PWL Capital. I am a CFA charterholder and CFP professional. I am securities licensed in Canada by CIRO.

All channel content is produced and owned by PWL Capital Inc.
",0.034841,1.79,0.789
UCzomXQvDl2UblYIjBoFR8aw,Ken McElroy,527000,keyword,2026-08-14 19:05:03.323761+03:00,"Ken McElroy is the CEO of MC Companies, author and investor who offers a wealth of personal experiences, expert guests, practical advice, success stories, and even some informative setbacks, all presented here to educate and inspire. Whether you’re a entrepreneur, investor or just looking for real education within real estate and beyond, Ken offers no b.s. insights and resources for all levels. Be sure to download Ken's Infinite Returns Platform available on IOS and Android and gain proximity to like minded real estate investors on his exclusive real estate platform and forum. 

About Ken: With over two decades of experience in real estate investing, Ken McElroy is passionate about sharing the good life by helping real estate investors grow and prosper. This channel is a place for Ken to discuss numerous topics connected to real estate investing, including finance, budgeting, the entrepreneur mindset, and creating passive income.    
",0.031914,60.15,1.3056
UCA8P3Rgfjn0IFZL4bmrKbrg,Rule #1 Investing,503000,keyword,2026-08-14 18:58:05.749691+03:00,"Official YouTube channel of Phil Town and Rule #1 Investing. 

DISCLAIMER:
Rule One Investing provides general education only. We are not a registered investment advisor, broker-dealer, or financial advisor. Nothing here or in any workshop constitutes personalized investment advice or a recommendation to buy or sell securities. Phil Town’s personal results are historical, shown for educational purposes only, and are not typical. Past performance is no guarantee of future results. Most investors do not achieve similar returns. Stock examples and outcomes shown are illustrative only and are not recommendations. Investing involves substantial risk, including complete loss of principal. No strategy guarantees profits. Testimonials are from real, unpaid students who volunteered their experiences. You are solely responsible for your investment decisions. Investing involves risk of loss.

©️ 2025 Rule One Investing LLC. All rights reserved.

",0.025093,8.02,0.2341
UC2Zg12phLyX1KTnH6D47d9g,Invest with Henry,484000,keyword,2026-08-14 18:58:07.023969+03:00,"12 years option trading. Retired but love teaching and coaching students how to make full-time income with options. 
I travel a lot and currently live the nomad lifestyle because option trading allows me to do it. I turned $17,000 into $1,800,000 in a few years. Average 75% annualized returns. 
",0.036272,16.01,1.203
UCr4XXQznhlgfzo4mwOgkF8w,Investing Simplified - Professor G,459000,keyword,2026-08-14 18:58:08.553753+03:00,"My goal is to set you up for success by making investing & personal finance much more simple!

I was frustrated with my (lack of) financial education in high school and college, so I make it my duty to teach people what they desperately need to know in order to be successful. I discuss ETFs, stocks, & retirement to cryptocurrency and rental properties along with starting and running successful businesses of all sizes. 

For Private Financial Coaching: ProfessorG.invest@gmail.com
For business inquiries: InvestingSimplified@thoughtleaders.io
Use my link to book a sponsorship with me NOW! thoughtleaders.io/reserve/investing-simplified-professor-g

*This channel is for informational purposes only and is not financial, legal, or investment advice. ""Investing Simplified - Professor G"" is owned by NGFINCO, LLC. Always do your own research and consult a licensed professional. We are not responsible for any losses or decisions made based on this content.
",0.033172,13.39,1.0738
UCbrzodypxhc9_cOg5kqre6Q,Atul Patel ,353000,keyword,2026-08-14 19:09:21.046739+03:00,"Hello Traders, I’m Atul Patel — Equity Swing Trader & Content Creator.

⚠️ REGULATORY & ROLE DISCLOSURE

SEIRI INVESTMENT PRIVATE LIMITED is a SEBI-registered Research Analyst entity.

SEBI Reg. No.: INH000022765
Registered Office: Kachnar City, Vijay Nagar, Jabalpur, Madhya Pradesh
Principal Officer: CA Nandkishore Patel
Website: seiriinvestment.com

Atul Patel works solely as a Equity Research Analyst, content creator and presenter. He is not individually registered with SEBI as a Research Analyst and does not independently prepare, select, approve, modify or issue any security-specific research report or trade recommendation. He does not provide personalized investment advice, portfolio-management services or assured-return claims.

Any official research or recommendation is issued only by SEIRI INVESTMENT PRIVATE LIMITED only.
Investment in securities market are subject to market risks. Read all the related documents carefully before investing.

",0.051446,9.6,0.5518
UCOEZmyqPYJzXOdB9QF_pBDA,Katie Tutorials,304000,keyword,2026-08-14 19:09:30.619076+03:00,"This is Katie Tutorial channel for new traders. If you are not experienced and need some help, watch my videos and you will get more knowledge about trading.",0.030371,2.19,0.8388
UCWadGv7GpSiaDVwUh6JuI3A,Jeet Crypto,234000,keyword,2026-08-14 19:05:04.650147+03:00,"Welcome to Jeet Crypto! Your go-to spot for everything crypto. From breaking news and tips to expert insights and trading strategies, we've got you covered. Dive into our exciting Shorts for quick updates, tune into our Podcasts for in-depth discussions, and explore our tutorials and guides to sharpen your skills. Join our community and ride the crypto wave with confidence!!

🔔 Subscribe now and never miss an update!

Disclaimer: The content on Jeet Crypto is for informational purposes only and does not constitute financial advice. Cryptocurrency investments are highly speculative and carry significant risk. Always do your own research and consult with a professional financial advisor before making any investment decisions. Jeet Crypto and its team are not responsible for any financial losses incurred based on the information provided on this channel. 

For Collab/Partnership : teamjeetcrypto@gmail.com
",0.047101,5.43,1.0134
UC4_aeHO9Et1h3rEpQAtMAPw,Bradley on a Budget,227000,keyword,2026-08-14 19:12:11.281774+03:00,"WELCOME! I'm Bradley, aka Bradley on a Budget from TikTok and welcome to my podcast on living frugal and how to stop being an idiot with your money :) Be sure to SUBSCRIBE!

0 F: badboybrad 

Thanks for you love and support. I am so immensely grateful for you and happy to have you here :)
",0.050213,26.79,0.987
UCXzNNA2ngRpRiWvyA7eGd6w,Nick Invests,191000,keyword,2026-08-14 18:58:09.986146+03:00,"I’m Nick, and I create easy-to-understand animated videos about personal finance, investing, passive income, and managing debt. My goal is to break down complex financial topics using whiteboard animations that make learning both simple and engaging.

Whether you're looking to grow your money, escape debt, or start building passive income streams, you’re in the right place.

Contact me for any request: nickinvestsusa@gmail.com

🔔 Subscribe for weekly videos designed to inform and entertain — no jargon, just clear insights.
📌 Please note: These videos are for entertainment purposes only and do not constitute financial advice.
📌 Disclaimer: This channel features original fan art and illustrations inspired by adult animation styles. All characters and artwork are original creations and are used for entertainment and illustrative purposes only.
",0.043895,30.02,1.2521
UC6LBqoy0A8uNVdWPCDN37Hw,SPEAKER SINGH ULO,182000,keyword,2026-08-14 18:57:57.580094+03:00,"Welcome to Speaker Singh ULO—your ultimate guide to mastering money, business, and personal growth! Here, Speaker Singh breaks down complex financial concepts, shares tips on navigating the share market, and helps you develop the mindset for success. Whether you're looking to grow your wealth, level up your business game, or unlock your full potential, you're in the right place. Subscribe, and let's start your journey to financial freedom and personal excellence today!",0.044531,25.03,1.968
UC5fZv7bPcF5j2RsfO-9OiLA,Investor's Business Daily,181000,keyword,2026-08-14 19:05:18.125704+03:00,"Driven by a passion for investing, Investor’s Business Daily provides comprehensive stock market news and insights for every type of investor. Get one-of-a-kind investing video content featuring:

- Daily market news and analysis
- Original podcasts
- Exclusive interviews 
- How to invest videos 
- Options trading strategies
- Trending tech stock news  
- Personal finance tips
- And much more!

Subscribe today and start your journey to financial freedom.
",0.030933,66.38,0.4431
UChiJI6aZx9XflzWBg98p6TA,Tanisha Garg,177000,keyword,2026-08-14 19:09:35.274037+03:00,"For collaborations and business inquiries, please contact: collab@pehchaanmedia.com

I'm Tanisha Garg, a certified Research Analyst with a passion for empowering individuals with the knowledge to navigate the stock market confidently. Whether you're a beginner eager to learn the basics or an experienced trader looking to master advanced strategies, this channel is your go-to resource.

On this channel, you'll find:

Step-by-Step Guides: From understanding market fundamentals to executing complex trades.
Expert Insights: In-depth analysis, market trends, and strategies used by successful traders.
Interactive Sessions: Live Q&As, webinars, and tutorials designed to enhance your learning experience.
Practical Tips: Real-world examples and actionable advice to help you make informed decisions.

Subscribe now and embark on your journey to becoming a savvy investor. Let's decode the stock market together!
",0.055912,21.76,0.9803
UCVcMN2cHlHw1Q7wkF2GR8SQ,No Bs Crypto,157000,keyword,2026-08-14 19:04:56.665966+03:00,"Welcome to my channel.

I have content focused on the cryptocurrency markets, altcoins, and strategies to achieve financial freedom. The hardest part of your journey will be the beginning. Figuring out the processes, jargon, technical analysis and ultimately how to make informed investing decisions yourself. Here on my channel, you will find videos that will teach you how to do all of those things. It's finally time to change your life.

Throughout our journey together, we will be diving into different crypto projects and tokens, digging through all the information to bring you quality, No BS reviews. The gatekeepers want you to stay poor, but together we can unlock the gates to the crypto world and attain financial literacy and freedom together.

The future of finance and economy is Web3, and this is only the beginning. To find more No BS content, Follow my other socials below 👇
",0.06297,20.84,0.7084
UCVEWFrDlFd3qFXCEz8-98Vw,Tyler Hill Crypto,138000,keyword,2026-08-14 19:05:10.731387+03:00,"My investing journey began in equities in 2018 and expanded into crypto in 2020.

Since then, I have worked as a trader, content creator, and founder of a creator management agency that supports hundreds of creators in the crypto space.

This channel is where I document my thoughts, ideas, and insights into the market.

Enjoy :)
",0.071473,24.61,0.8273
UCH9HlTrjyLmLRS0iE1P4rrg,Money Rules - Investing Tips ,131000,keyword,2026-08-14 18:58:19.220204+03:00,"A channel dedicated to learning how to understand money and to grow wealth through the years. I'll be covering everything from how to make money, investing in cryptocurrency, Bitcoin, Ethereum,  explaining money trends and how to manage money and make it grow. I love finance and have been into finance for 10+ years and I'm always looking to help out anyone who is willing to listen. The channels name is a play on both ""Money rules everything around us"" and ""The rules of learning about money""",0.128298,29.41,0.8228
UCXVLLaHBapDimnNzS1wx2qw,Break Into CRE,105000,keyword,2026-08-14 19:05:08.873106+03:00,"After spending almost a decade working for and with some of the biggest real estate investment, brokerage, and lending firms in the world, I created Break Into CRE to share the things I wish someone had told me when I was first getting started in the industry.

Today, over 100,000 students have gone through our courses and the Break Into CRE Academy membership program to master real estate financial modeling and analysis, navigate the job search, and break into the real estate industry at top firms, including Brookfield, Starwood Capital Group, Hines, LaSalle Investment Management, TruAmerica Multifamily, Eastdil Secured, JLL, CBRE, and many more.

Learn more at https://breakintocre.com.

#realestatecareers #commercialrealestate #realestateinvesting #excel #financialmodeling 
",0.036062,4.37,0.7444
UCAm8TlOEXTPq2B04yQ0lDuA,Mission Side Hustle,100000,keyword,2026-08-14 19:12:13.186095+03:00,"I'm Corey, and I'm turning $500 into $1,000,000.

What started as a side hustle experiment in 2020 has become a real business - flipping furniture, reselling return pallets, and building multiple income streams from the ground up. Every dollar is tracked. Every win and loss is documented.

On this channel you'll find:
- Return pallet flips (Costco, Amazon, Apple, B-Stock - I buy them, unbox them, and sell them)
- The $500 to $1M net worth journey (monthly updates with real numbers)
- Niche Riches - I go inside other people's small businesses to see how they actually make money
- Reselling tutorials and sourcing strategies for every budget level

I sell on Facebook Marketplace, eBay, and Whatnot. I source from liquidation auctions, B-Stock, and local estate sales. I've been doing this for 6+ years and I share everything I've learned - the profits AND the losses.

New videos every Monday.
",0.05245,1.58,1.3056
UCyKdgkl95vgEawz06gYf7qw,JENNIFER COOK,93400,keyword,2026-08-14 19:15:57.692257+03:00,"Welcome! I have been in debt and not in control of my money. My early 20's were an exploration outside of the frugal lifestyle I was raised in. After getting into debt and having payments that amounted to more than my income I hit the ""never again"" moment. I was able to resolve the debt by gaining control of my money. Now in my 40's I share my experiences, ideas and creative solutions to help widen the gap between your income and your expenses.

 
",0.069125,3.07,1.9253
UCJNvGAjGJd54BoabQEC7RbQ,"Spend Time, Save Money, DIY",66200,keyword,2026-08-14 19:15:47.520466+03:00,"No nonsense DIY, woodworking and tool review videos. Designed to help and inspire people of all  DIY and woodworking abilities.

I now have a website with lots of DIY and money saving help and advice. The link is below. And follow me on Facebook, Instagram and TikTok.

If you are a company and would like me to test or review your tools or products then don't hesitate to get in touch! 
spendtimesavemoney@gmail.com

Don't forget to Like, Share, Comment and Subscribe 👍🏼

Making videos takes a great deal of time & effort and they can be expensive to make. If you would like to make a donation to help the channel continue to grow then follow the paypal link below. Thank you 👍🏼",0.019296,2.97,0.6928
UCMw07uiVxGULqePlrOZnx9A,Personal Finance with Leila - Debt Over It,64000,keyword,2026-08-14 19:00:14.750368+03:00,"I help overwhelmed individuals get control of their money and build better habits so they can pay off debt, save consistently, and feel confident about their finances! 🤑

My name is Leila (pronounced Lay-La) and on this channel I document my own journey to financial freedom while also creating educational and entertaining content around money.

I offer financial coaching to help you budget, create a saving plan and get out of debt: https://debtoverit.com/coaching/
",0.051389,15.07,0.9788
UCoAuxtwgh8LSHeMFqEwjgHA,Steve Miller,53400,keyword,2026-08-14 19:05:25.423092+03:00,"Steve ""Slim"" Miller is a 50-year veteran stock, futures, and options trader. His approach combines technical analysis with cycle analysis. What's cycle analysis? Check out our videos to learn more, or visit askslim.com!
Disclosure:
tastytrade, Inc. (“tastytrade”) has entered into a Marketing Agreement with ask Slim (“Marketing Agent”) whereby tastytrade pays compensation to Marketing Agent to recommend tastytrade’s brokerage services. The existence of this Marketing Agreement should not be deemed as an endorsement or recommendation of Marketing Agent by tastytrade and/or any of its affiliated companies. Neither tastytrade nor any of its affiliated companies is responsible for the privacy practices of Marketing Agent or this website. tastytrade does not warrant the accuracy or content of the products or services offered by Marketing Agent or this website. Marketing Agent is independent and is not an affiliate of tastytrade. 
",0.042754,26.8,0.5076
UC3kVW0gp1De-FK0fQoLRRig,Christina's Side Hustles ,51200,keyword,2026-08-14 19:12:16.536574+03:00,"Ex-Amazon Recruiter and Big Tech Career Coach teaching you all about building side hustles and passive income online. If you're looking to monetize your hobbies and scale your side gigs, make sure to subscribe for new videos every week :) ",0.031934,2.71,0.8872
UCeUyx-u4JxLZyzQiIZODXiQ,Gold&Money Saving Video,50700,keyword,2026-08-14 19:15:50.725062+03:00,"Pls friend and family subscribe pannunga🥰👍🥰
Subscribe
Support

",0.001748,16.38,0.8024
UCSvdGqBMo6qY5T-KCOUUNIA,Maria's Budgeting,49500,keyword,2026-08-14 19:12:22.633258+03:00,"Hello welcome to my channel Maria's Budgeting.

I am a 24 year old budgeter from California.

You will be able to find budgeting content to motivate you to create a budget to help you achieve financial freedom. Some of the videos you will be able to find on my channel are cash envelope stuffings, weekly check ins, sinking funds updates and many other videos. I hope you enjoy!!!

Happy Budgeting,
Maria's Budgeting
",0.110322,8.68,0.5143
UCzOAAJUiSO2uyu1xyxw__2Q,Side Hustle Nation,49200,keyword,2026-08-14 19:12:03.267910+03:00,"Nick Loper helps people earn money outside of their day job. He's an author, online entrepreneur, and host of the award-winning Side Hustle Show podcast, which features new part-time business ideas each week. As Chief Side Hustler at SideHustleNation.com, he loves deconstructing the tactics and strategies behind building extra income streams.

For sponsorship inquiries, please contact Network+SHS@Yapmedia.com
",0.008593,8.47,0.7817
UCGzT_Qn6u8Nksu5_8Z46gqQ,Financial Education By Mukul Agrawal,47400,keyword,2026-08-14 18:58:03.838625+03:00,"Welcome to Financial Education By Mukul Agrawal

Dr. Mukul Agrawal is a Guinness World Record holder, 2x TEDx Speaker, India’s best-selling author, and the founder of Finowings.

With over 3 million+ followers across all social media platforms, my mission is to empower every individual with financial knowledge from basic stock market concepts to advanced investment strategies.

🔑 Key Topics of Channel:

• Personal Finance
• Finance News & Stock Market News
• Financial Scams Awareness
• Financial Independence
• Mutual Funds
• Stock Market Knowledge

Note: No buy/sell recommendations. Content is for educational purposes only.
 
Disclaimer: This Channel is intended solely for educational and learning purposes. Zerodha Broking Ltd.: SEBI Registration no.: INZ000031633 | MUKUL AGRAWAL NSE AP reg. no.: AP2516003931. We strongly advise you to consult with a qualified financial advisor before making any financial decisions.
",0.073773,15.96,0.9626
UCZl9ry5ew_2YeCQ6ECk8sxA,Easy Peasy Finance,45600,keyword,2026-08-14 19:00:20.706046+03:00,"Hi, I’m Rishi. I started Easy Peasy Finance at age 8, because teen and beginner-focused finance content basically didn’t exist.

8 years later, Easy Peasy Finance has reached millions of learners across 193 countries through 1,200+ videos. I have never accepted any sponsorships, so the concepts and strategies I share are what I truly believe in.

In March 2026, when I was 16, I passed the CFP® exam - the gold standard in financial planning. I’m believed to be the youngest person ever to do so (the average passing age is 37). So every video is built on real financial planning knowledge.

Here, you’ll find: Personal finance concepts explained in under 3 minutes, investing basics for beginners, simple strategies for building real wealth, and money traps most people fall into (and how to avoid them). All with no jargon or filler.

3x Plutus Awards winner, including a 2026 Hall of Fame honor
Featured on CBS News & Kiplinger

New video every week. Subscribe to never miss a free breakdown.
",0.024833,30.0,0.6856
UCJ3bMRqtGs6_YyI-DFmgIUw,Andrew Giancola,38200,keyword,2026-08-14 19:00:12.900611+03:00,"My mission is to provide you with all the tools to build generational wealth. I truly believe anyone can build wealth.

On this channel I reveal all of his personal finance, money, investing, business strategies, income sources, stock, and real estate investing tips so that you can build more wealth than you ever thought possible. Discover how to increase your income at your job and create multiple passive income streams that work for you, so you have the time and freedom to do what you love. You will learn how to invest to create wealth in stocks, index funds, real estate, building businesses, and side-hustles. You will learn how to save more money, get a raise, set up simple budgets, build habits, personal growth, and money hacks that will take you to the next level with your finances. Anyone can be wealthy, Andrew will show you how. Hit subscribe and get ready to change your life.

Subscribe if you are interested in:
#Investing
#StockMarket
#Stocks
#personal finance 
#wealth 
",0.030791,40.32,0.4479
UC-w-iUpesxM1vMBTwKkhm9A,Crypto Barta,32500,keyword,2026-08-14 19:05:00.884052+03:00,"Telegram 🔗 https://t.me/cryptobartalove


https://twitter.com/akshoydasss?t=5Lo7M6fG_U3mXVe25hiMsQ&s=09
 

FREE Premium Telegram :- 

https://t.me/cryptobartalove

https://t.me/cryptobartalove1
",0.11998,11.28,0.7914
UCjNeF9lzg7hJbQE5OtehFdA,Practical Personal Finance,30600,keyword,2026-08-14 19:00:22.306371+03:00,"Your current financial situation is a reflection of how you've treated money in the past. Change the way you treat money, and you will change your life. 

In April of 2018, my wife and I took our first steps on the road toward financial independence. Three years later, we've paid off over $182,500 in debt, made crucial pivots in our careers, and purchased our first home. In doing so, we've learned to treat money in a whole new way. I started this channel to share everything I've learned, and to give you the information you need to understand and succeed with money.

Interested in collaborating? Send an email to: PracticalPF@gmail.com",0.055761,2.18,2.1566
UCuCL2wCePWeblnWDnNjoy-g,Principles Personal Finance,29900,keyword,2026-08-14 19:00:23.967888+03:00,"Personal finance and financial education channel from a Chartered Financial Planner.  Discussing pensions, investments, saving and personal finance. This channel is here to help cut through the noise and help make better decisions.

I can be reached at: info@principlespersonalfinance.co.uk

PLEASE NOTE, this channel provides information on general financial planning and should NEVER been seen as advice. The information provided in these videos have been compiled from sources believed to be reliable and current, but accuracy should be placed in the context of the underlying assumptions. No investment decisions should be made solely based on the information in any of these videos. Please seek advice specific to you and with any investing, your capital is at risk.

",0.034185,1.53,0.532
UCxGoymtTKiZd_SlSI58rVAA,Money Management,26000,keyword,2026-08-14 18:57:48.479812+03:00,"Everything you need to know about finance and investing.
Building an investment portfolio is one of the smartest ways to create long-term wealth. 
So let's start with startups!
",0.045211,25.42,0.6433
UC4vFsTSzZyFOrAYQpzEFxcg,Investing Tutorial,23800,keyword,2026-08-14 19:09:28.781675+03:00,"Welcome to Investing Tutorial — your ultimate channel for stock market investing, AI stocks, and long-term wealth creation. We focus on the powerful Magnificent 7 companies including Apple, Microsoft, NVIDIA, Amazon, Alphabet, Meta Platforms, and Tesla. Learn investing strategies, stock analysis, AI trends, financial freedom tips, passive income ideas, and market updates in simple language. Subscribe now to grow your knowledge, build wealth smarter, and invest with confidence.

Subscribe now and start your journey toward:
✔ Financial Freedom
✔ Smart Investing
✔ Building Generational Wealth
✔ Mastering the Stock Market

🎯 New videos uploaded regularly on:

AI Stocks
Magnificent 7 Stocks
Nasdaq & S&P 500 Trends
Wealth Creation Strategies
Stock Market News & Analysis

Build Wealth Smarter. Invest With Confidence.
",0.019237,40.65,0.2461
UCcrMuIay5vF7GUbqyB66Onw,Side Hustle Review,23700,keyword,2026-08-14 19:12:23.967314+03:00,"Most channels will tell you making money online is easy. I'm not most channels.

SHR exists because the creator economy has a dirty little secret — it's built on surface-level takes, overhyped tools, and affiliate links dressed up as advice. Every ""honest review"" you watch was probably written backwards from a commission check.
I'm here to show you what it actually takes. The real math. The real effort. The real failures. Because building something independent, something that's genuinely yours, is one of the most worthwhile things you can do right now. It's just not as clean as the thumbnails make it look.

No fluff. No hidden agendas. When I have a sponsor or an affiliate link, I'll tell you upfront — every time, no exceptions. You'll always know where I'm coming from so you can decide what's actually worth your time.
Subscribe if you're tired of being sold to.


For collaborations or inquiries, contact me at 📩 Ryan@sidehustle.review

",0.032756,36.47,0.7193
UCdqYxe31nwmfDdlnpLsYRiQ,Personal Finance TV,18800,keyword,2026-08-14 18:58:20.877608+03:00,"Finance. Uncomplicated. 


Struggling to make sense of your money? You're not alone & you're in the right place.

Welcome to Personal Finance TV, where we turn complex money topics into clear, relatable content you can actually use. From budgeting and saving to investing, paying off debt & building wealth, we break it all down with real-life stories, expert advice, and a bit of fun...because personal finance doesn’t have to be boring. Whether you're trying to stop living paycheck to paycheck, start your investment journey, or simply gain financial confidence, you’ll find the tools & strategies here.

New videos weekly on;
• Personal Finance Strategies
• Smart Money Habits
• Debt Management & Credit
• Budgeting Hacks
• Investing for Beginners
• Financial Freedom & Mindset

Ready to take control of your financial future? Subscribe now and join thousands of others working toward financial independence & peace of mind; one video at a time.
",0.020394,10.07,0.3207
UCzGkdPQP87AfzmOYn_jo7Xw,A Penny Pinchers Guide to Personal Finance,18800,keyword,2026-08-14 19:00:26.823345+03:00,"Our mission is to provide the building blocks to lay the foundation for financial success, from your first penny to your first million. 
Whether it's emergency funds, credit cards, mortgages, investing, taxes, or anything else relating to personal finance we want to take everything complicated about finance and make it as simple as possible.
Please subscribe so you can stay in the loop and grow with us, it's our goal to give you the best videos possible and we can't do it without your feedback!",0.011451,10.43,0.2316
UCXzSlkirH197OYJt20qZqvQ,Finance & U,17700,keyword,2026-08-14 18:57:58.794291+03:00,"Personal finance is very personal. We hope to simplify various concepts of personal finance for you and guide you in your investment journey. 
Uthara Ramakrishnan, certified finanacial planner ® , Personal Finance Professional, has been at the helm of Artha Financial Services for over 25 years. Partnered with MOTILAL OSWAL FINANCIAL SERVICES, Artha has been a one-stop solution for all your personal financial investments. Our vibrant and experienced team is here to help you create and execute your financial plan.
You can contact us on  +91 87147 17771 & on +91 77364 22215. 

",0.022838,3.76,0.4796
UCsp5qFT7WU8FQUwlLSKotWw,Personal Finance by Chandu,15700,keyword,2026-08-14 18:57:53.008701+03:00,"I am an IT Engineer by profession and a financial guide by passion. 
I will be your friendly neighborhood finance guy

For any collaborations, please reach out at 

collabwithchandu@gmail.com",0.025272,18.81,1.1597
UCC_3C1KOVqQpPNStlnsFivw,Personal Finance Circle ,13100,keyword,2026-08-14 19:00:05.050937+03:00,"Personal Finance Circle is a community founded to provide financial education for everyone. 

It was founded in February 2021 by Femi Olaniyan.

Our main goal is to provide our viewers with the needed financial education to MAKE MORE MONEY, MULTIPLY MONEY, and MANAGE MONEY through quality tutorials, tips, courses, tools, and other useful free resources.

We are dedicated to making sure you are financially intelligent and sound.

This is where you will get the financial education you wished you got in school.

Welcome to Personal Finance Circle.

",0.067836,17.27,0.452
UCg5knEqLrU_XrrGkKj_8EPA,Tom's Personal Finance,12500,keyword,2026-08-14 19:00:06.528884+03:00,"Hi, I'm Tom.
Here, I share my own journey and break down personal finance and investing in a simple, relatable way. My goal is to share everything I wish I’d known when I started out.

I am not a financial adviser. Nothing on this channel constitutes financial advice. The content is for entertainment and informational purposes only. Always do your own research and/or consult with a professional before making any financial decisions.

Any views expressed are my opinion only and not a recommendation in any way. You are responsible for all financial decisions.

 

",0.048613,4.17,1.3982
UCkQA8OxvAOFet9IED4qfnHQ,Pinoy.PersonalFinance,12000,keyword,2026-08-14 19:00:18.470157+03:00,"Welcome to Pinoy.PersonalFinance!
I create simple, practical, and easy-to-understand content to help Filipinos around the world learn how to save, invest, and grow their money wisely.

My mission is to make personal finance relatable and approachable for beginners  whether you're in the Philippines, working abroad, or just starting your financial journey.

📌 Educational content only. Not financial advice.

Business Inquiries:
Pinoypersonalfinance.business@gmail.com",0.035366,3.7,1.4818
UCQA7GqioB626J6GTUKoRzew,Covered Call ETF Investing,10600,keyword,2026-08-14 19:05:14.953014+03:00,"Hello everyone! My name is Jordan and in this channel, I'll be sharing my insights and strategies for successfully investing in covered call ETFs.

This type of investing is perfect for those who are looking to generate passive income, hedge against market volatility, and potentially increase their returns over time.

Through this channel, I'll be sharing my personal experiences with covered call ETF investing, as well as helpful tips and tricks that I've picked up along the way. I'll be discussing the ins and outs of covered call ETFs, the different types of ETFs available, and how to find the right ETFs to invest in.

So if you're looking to learn more about covered call ETFs and how to maximize your returns, be sure to smash all the buttons of the like and subscribe variety so you never miss a video. Let's level up our portfolios together.
",0.05726,6.75,1.7672
UCemb1I8KV45MbWokk-Z_GSw,Rochit - SEBI RA,10000,keyword,2026-08-14 19:09:27.326833+03:00,"Welcome to the official channel of Rochit Singh, SEBI Registered Research Analyst (Reg. No. INH000023834).
Learn stock market, investing, mutual funds, SIP, personal finance, and wealth building in simple and practical language.

This channel covers stock market basics, market insights, investment education, and finance knowledge for beginners and learners.

Subscribe for easy finance content and smart investing knowledge.

For Business/Enquiry : rochit.biz@gmail.com
",0.041626,14.42,1.4263
UCZ30vPTrBcY5X0PDg3Pf9Cg,Merriman Market Analyst,9710,keyword,2026-08-14 19:09:08.221954+03:00,"As featured in Forbes, CNBC, Fortune, and FX Street, Merriman Market Analyst is the leader in market timing products and services. 

Welcome to Merriman Market Analyst, where we think there are powerful tools for mastering market analysis hidden within discernible patterns all around us. Since 1982, Merriman Market Analyst (MMA) has extrapolated these patterns into proprietary financial forecasting tools that deliver the one thing that matters most to clients: Results. Our advanced research techniques allow us to provide innovative tools for acquiring valuable insight into the future. These tools integrate a combination of Cycles, Geocosmic Signatures, and Trend Analysis patterns that assist the serious investor in interpreting the markets.

Learn more about Financial Astrology with our Free Weekly Forecast
https://www.mmacycles.com/weekly-forecast/

Learn more about Raymond Merriman, President and Founder of Merriman Market Analyst
https://www.mmacycles.com/team/raymond-merriman/

",0.076163,10.72,0.2034
UCsdsKZW4OFml3ZOmefkZ6NA,Erika B. I Real Estate Investing & Wealth Building,7380,keyword,2026-08-14 19:05:12.358302+03:00,"Wealth Within Reach is a podcast about building a life with more options.

I share real conversations and practical lessons from my perspective as a wife, believer, and working mom. We talk about real estate, money, entrepreneurship, homeschooling, and what it looks like to build wealth while raising a family and staying grounded in your values.

There’s no gate-keeping here. I break things down simply, share what’s worked and what hasn’t, and talk honestly about the decisions we’re making to create stability, freedom, and opportunity for our kids.

If you’re trying to grow financially without sacrificing your family, your faith, or your peace, this channel is for you. Subscribe for clear, real-life conversations that show wealth is built step by step—and it’s closer than you think.

Follow me on ig @erikabrowninvestor and visit my website to download some Free resources to help you get started today! 

https://owningitandlivingit.com/
",0.050318,24.65,0.0743
UC0LQqb2IIPnK5PHGbGs9QIw,Money Managers,7150,keyword,2026-08-14 18:57:51.696066+03:00,"Hi, I am Khumo Nawa
Follow my wealth building journey and all things money. 
I am an investor
Financial educator 
Author
Creator
",0.066307,2.64,1.0531
UCDZVtJo7COyaXFrmTJKnT-w,Richard Dias | IceCap Asset Management,6530,keyword,2026-08-14 18:58:11.088045+03:00,"IceCap Asset Management is a Canada-based portfolio management company. 

Our ongoing focus emphasizes understanding factors that accelerate global risk and return opportunities, while creating long-lasting relationships and continuous personalized discussions among clients, consultants, and tax advisors. This channel is a repository for our views and the discussions that shape our investment strategies. It is not to be misconstrued as investment advice. Please seek professional advice before making any investment decisions. The opinions, information, estimates, projections, and any other material presented in this report are provided as of this date and are subject to change without notice. Material presented in these videos have been obtained from numerous sources, and while reasonable efforts to ensure the content is reliable, accurate and complete, we have not independently verified the content, nor do we make any representation or warranty, express or implied, in respect thereof.
",0.060324,4.66,0.5769
UC2YMj_Xn9EmJ_-lrttHDFog,Sandra ,6090,keyword,2026-08-14 19:12:19.408470+03:00,"Email: sgarciacreations@gmail.com
I'm an Occupational Therapist, living in Denver, Colorado working to pay off my student loan debt and build a life I love. I share my finance journey through transparency, money updates, and teaching you what I've learned.
",0.060141,0.0,1.0
UC0jVMGbh5CQgsVAcbF9HZVw,Investor Uday,6050,keyword,2026-08-14 19:05:21.747457+03:00,"Explore the fundamental concepts and strategies of equity trading and investing with our channel. At EquityEssence, we share informative content to help you understand the stock market, manage your investment portfolio, and enhance your financial knowledge. Our tutorials, market analyses, and personal finance insights are designed for educational purposes, empowering you to make your own informed decisions. Join us on this journey to uncover the essence of equity investing and build your financial understanding.


",0.048329,6.76,1.0454
UC6n_zKxpkPFg5H3aaS7wrwQ,John Muscarello,4690,keyword,2026-08-14 19:12:09.634802+03:00,"I'm John! My goal is to show YOU how to make make money reviewing products so you can make extra money and live life on your terms.
",0.059739,7.94,0.2287
UCuWUqge06kLz4EqWvQScAeg,Budget with Himani,4530,keyword,2026-08-14 19:12:07.988957+03:00,,0.039924,1.77,0.9808
UCE_3rY0X_RdY3R0rwBFG5hw,For The Love of Budgeting   F.L.O.B,4380,keyword,2026-08-14 19:12:17.976475+03:00,"Here you’ll find budgeting and saving challenges videos as well as grocery hauls, shop with me and home improvement videos! 
I am in no way shape or form a financial advisor. I'm learning to save and realizing that saving can indeed be fun!


💜You can earn gift cards or cash to your PayPal using the Receipt Jar App just by scanning your receipts! Download using my code and receive 50 bonus points!
TARAFPRXB

🩷I'm inviting you to join Pogo, the free app that gives you rewards on every purchase - without receipt scanning.

Sign up through my link and be sure to enter my code: P877LL. You'll get 250 bonus pts after you've earned 5,000 points in the app.
https://pogocash.app.link/P877LL


💙Stay healthy by walking, earning coins for every step, and redeeming them for gift cards using Cashwalk!

Sign up with my referral code TAYMR, and we'll both receive bonus coins to start earning immediately

💙Upside Link
BW45GS

💜Ibotta Code
aphngbt






💛Cash App
$Tmf1530",0.215793,30.61,1.2207
UCHoVIiKP2bYf1af7MKi9dfg,ETF Pulse,3730,keyword,2026-08-14 19:05:05.900281+03:00,"Welcome to ETF Pulse – Your Ultimate Source for ETF Investment Insights!

At ETF Pulse, we simplify the world of Exchange-Traded Funds (ETFs) for investors of all levels. 
We dive deep into:

ETF reviews, etf Investment strategies,  portfolio with ETFs, Market updates and d ETF news,  etf Performance analysis, 
& ETF comparisons 
Subscribe to ETF Pulse for expert tips, actionable insights, and everything you need to master the ETF market and grow your wealth!

Disclaimer:
The content on ETF Pulse is for informational and educational purposes only. It is not intended as financial, investment, or trading advice. The information provided on this channel does not constitute a recommendation to buy, sell, or hold any securities, including ETFs. Investing in ETFs and other securities involves risk, including the potential loss of principal. Always conduct your own research and consult with a licensed financial advisor before making any investment decisions
",0.077394,9.32,1.0228
UCavZF09VNBEfq37YwaUuHfQ,BudgetingwithaGinger (Brittnie),3190,keyword,2026-08-14 19:12:21.384726+03:00,"Hey friends! 👋

I'm Brittnie — wife, mom, budget nerd, savings challenge enthusiast, and the loudest cheerleader you'll ever have for your financial goals.

Here you'll find cash stuffing, savings challenges, budgeting tips, sinking funds, and plenty of real-life budget talk. No judgment, no perfection, and definitely no fancy financial advisor jargon.

Speaking of which... I am NOT a financial advisor. I'm just a ginger with a budget, sharing what works for my family and hoping it helps someone else along the way. Always do your own research and make the financial decisions that are best for you.

Smile Mail!
P.O Box 96
Emerson, GA 30137

🎉 Grab my freebies on Ko-Fi:
https://ko-fi.com/budgetingwithaginger

📧 Email: BudgetingwithaGinger@gmail.com

Thanks for hanging out with me! I appreciate every like, comment, and subscription more than you know. ❤️
",0.148059,30.09,0.8336
UCyim6sFnx1jhBa4I9TrDgHg,Save with Jenny,3060,keyword,2026-08-14 19:15:42.809736+03:00,"Welcome to Save with Jenny! 💛

Join me as I save money one challenge at a time through cash stuffing, savings challenges, dividend investing, and realistic financial goals.

New videos every week with Shorts to keep you motivated.

Let's build wealth together—one dollar at a time.

Love,
Jenny 💛

DISCLAIMER: I am NOT a financial expert. All views and opinions on this channel are my personal opinions. Do make your own research and seek advice from a professional before making any decision with your money.

",0.331882,3.41,5.0319
UCcygJ-_20B6I1w-Sd-7JsJQ,FIN-LYT by EWA®,2910,keyword,2026-08-14 18:58:13.658513+03:00,"Financial Literacy. In Motion.

Newton's First Law: an object in motion stays in motion. The hard part is the first push.

FIN-LYT, a play on financial literacy with catalyst built in, is designed to be exactly that push. The spark that breaks inertia, the perspective that reframes a tough decision, the education that turns ""I should"" into ""I did."" Because once the boulder is rolling, it takes one finger to keep it moving. The energy is all in the start.

EWA is a wealth management firm serving physicians, retirees, business owners, and corporate leaders. We provide holistic financial planning, wealth management, retirement planning, asset protection, and guidance through complex financial decisions. Our top priority is helping clients balance competing goals and protect their only non-renewable resource: TIME.

Join us as we unpack the most important topics, make the complex simple, and share how sound financial planning helps you live life by design.
",0.023564,4.76,0.5888
UCXXrF5YWtXm8mWx-dR0KG7A,Secrets of Stock Market,1810,keyword,2026-08-14 19:09:33.630999+03:00,"Welcome to Secrets of Stock Market – the channel dedicated to demystifying the Indian Stock Market!

​Whether you’re a complete beginner looking to take your first step or an experienced investor aiming to sharpen your edge, this is your resource for knowledge improvement and financial education.

Our mission is to provide you with clear, practical, and in-depth content covering:
- ​Stock Market Basics
- ​Fundamental Analysis
- Technical Analysis
- ​Investment Strategies
- ​Risk Management
- ​Market Updates & Case Studies

​Subscribe now and join a community committed to financial literacy and responsible wealth creation in the Indian equity space. Let’s learn, grow, and invest smarter together!

​Disclaimer: All content is for educational purposes only. It is not financial advice. Please consult a qualified financial advisor before making any investment decisions.

Follow me on X : @SSMdesk
Business Queries: info@secretsofstockmarket.in",0.03927,1.99,0.84
UC1XRSWmlx6pP00Aipfm7Agw,Stock analysis and Tutorial,1520,keyword,2026-08-14 19:09:12.563969+03:00,"Welcome to STOCK ANALYSIS & TUTORIAL- Dive into the world of stock market insights, trading strategies, and in-depth tutorials designed for both beginners and seasoned investors. Learn to navigate the markets with easy-to-follow guides, chart analysis, and practical tips to help you make informed financial decisions.",0.042993,11.81,1.4978
UCubrLBIOAbNoPBwKtd_KI8g,ETF Investments,1010,keyword,2026-08-14 19:04:59.105750+03:00,"The #1 ETF account on Instagram (225K+ followers) now bringing weekly ETF education to YouTube.

Breaking down ETF comparisons, dividend strategies, growth funds, and portfolio building for everyday retail investors.

What you'll find here:
- ETF comparisons and head-to-head breakdowns
- Dividend ETFs and income strategies
- Growth, momentum, and factor ETF analysis
- Sector and thematic ETF reviews
- Breaking ETF news and fund launches


Free weekly newsletter for ETF deep dives and breaking news: https://etfinvestments.substack.com/
Instagram: https://www.instagram.com/etf.investments/
X: https://x.com/etf__investmnts
Track My Portfolio for FREE  👈 : https://getblossom.onelink.me/SOfu/etfinvestments
Best Online Stock Brokers 📈 : https://secure.money.com/pr/obd0cdd17f98

Brand partnerships and sponsor inquiries: jgraiber@etfinvestments.co
Educational content only. Not financial advice.
",0.015785,3.1,0.4957
UC02XFdLbgdhnNr8d3Pk3RWQ,HundredsK,334,keyword,2026-08-14 19:15:46.199089+03:00,"Welcome to your ultimate guide to financial freedom! Whether you're just starting your money journey or tired of living paycheck to paycheck, this channel breaks down complex personal finance topics into simple, easy-to-understand videos. 

Learn how to manage money, save faster, budget smarter, and build passive income starting from zero

Want to escape the rat race and start making money work for you? Here you’ll find powerful videos on personal finance:
how to budget,
investing for beginners,
side hustles that work today,
passive income ideas,
how to make money online,
how to save money fast,
credit card hacks,
the truth about financial freedom, and
how to stop being poor. 

No fluff, no boring lectures. Just real strategies, real examples, and real results.

Subscribe now and turn financial struggle into success! 

New videos every week to help you master money and unlock the life you deserve!


",0.038322,2.13,0.2584
UCB5ZZx-gaW0kNvD2siezozg,Della Debt Payoff,296,keyword,2026-08-14 19:11:56.392507+03:00,One payment at a time toward financial freedom.,0.098482,3.65,1.2406
UCJOEdSichqfXiNO_eyhFqBw,OneUpSavings,192,keyword,2026-08-14 19:15:38.084890+03:00,"Get the one-up on all your shopping needs with discounts codes and coupons from OneUpSavings💛💙
Website: https://www.oneupsavings.com/
",0.053974,9.6,4.687
UCywF5mejRy9HmTgJYxx_9sg,2 MIN MONEY MANAGEMENT (2MMM),169,keyword,2026-08-14 18:58:16.651457+03:00,,0.178749,0.66,0.5855
UCY2zfrNp3wx_6798b6lkj-g,Rick Explains,155,keyword,2026-08-14 19:00:16.406005+03:00,"
Welcome to Rick Explains, a channel dedicated to making personal finance easy to understand through animated explainer videos. This channel breaks down complex topics like personal finance, investing basics, passive income, budgeting, saving money, and debt management into simple, clear, and beginner-friendly explanations. Everything is designed to help you learn money concepts without jargon, hype, or confusion. All videos use original whiteboard-style and animated illustrations, inspired by adult animation styles, to make learning finance engaging, visual, and easy to follow. Content is created for educational purposes and suitable for a broad audience.

📌 Disclaimer:
All content is for educational and entertainment purposes only and does not constitute financial, investment, or legal advice. Always do your own research or consult a qualified professional.

📌 Art Disclaimer:
All characters and illustrations are original creations used for educational and illustrative purposes.

",0.039911,10.44,0.4342
UC_4e5fSTA81NyWHHJXI0vug,Simple Crypto Advice,134,keyword,2026-08-14 19:04:58.114763+03:00,Explaining Crypto for beginners 40+ in plain English. No experience required.,0.021376,49.28,0.3599
UCKRH2uHS0qkFDrRZBxFdGjQ,LanePaysOffDebt💪,102,keyword,2026-08-14 19:12:14.918896+03:00,"Mom, Nurse , TTS, Debt : $110k ---> $57287
@lane's40+beautyFinds",0.020109,57.76,1.2179
UCN-Enh5DrQ9SZRnyKqC4zBA,Finance Explained 2026,84,keyword,2026-08-14 19:00:28.492839+03:00,"Learn about how money works in the world to your own personal finances

Not  Financial Advise

For Philippines content Look out for Hey Joe Philippines Chanel
",0.028872,12.01,0.8
UCTwQdrTQ-d67D8fz6PaAUKA,Cary Feldmann,49,keyword,2026-08-14 19:16:00.796182+03:00,,0.015152,9.06,0.0993
UCyBWmsr_ONhzUK-pwjTTbWw,DebtEfficiencyMethod,38,keyword,2026-08-14 19:12:20.445107+03:00,"I paid off $160,000 in credit card debt across 14 cards. No side hustle. No lifestyle cuts. One calculation changed everything.

Minimum payment divided by balance tells you which debt is draining your budget the most right now. That one goes first. Its minimum drops next month. The rest follows from there.

That is the Debt Efficiency Method.

Every video on this channel is built around one goal: your budget improves next month — not when the last balance finally hits zero.

New video every Sunday.

Free tools and the complete method at debtefficiencymethod.com
",0.021622,13.34,1.5394
UC3XS0ijFO4BgZTetnJHsJ1g,Stock analysis,29,keyword,2026-08-14 19:09:18.208463+03:00,"Welcome to Stock Analysis! 📈💡

Your ultimate destination for breaking down the stock market, understanding financial trends, and making smarter investment decisions. Whether you are a beginner looking to understand the basics of investing, or an experienced trader seeking deep-dive fundamental and technical analyses, you've come to the right place.

On this channel, we cover:
📊 In-depth Stock Reviews & Valuations
📰 Market News & Earnings Reports
📉 Technical Analysis & Chart Breakdowns
💸 Personal Finance & Portfolio Strategies

Our mission is to help you navigate the markets with confidence and build long-term wealth.

🔔 Hit SUBSCRIBE and click the bell icon so you never miss an update on the latest market movers!

(Disclaimer: The content on this channel is for educational and entertainment purposes only and should not be taken as professional financial advice.)
",0.077232,32.77,0.8128
UCa38D0GqzRYymtrj401uqgA,MariesBudgetingHacks,24,keyword,2026-08-14 19:15:49.371529+03:00,Here to help you save money the fun and easy way.  ,0.370755,0.42,2.0632
UCei_S13qOulomFmVslcGSZw,How To Save Money,23,keyword,2026-08-14 19:12:07.080405+03:00,"This channel exists to help you become wealthier, happier and financially free, with easily achievable methods open to everyone!",0.067829,10.71,1.0
UCc4xrZAgAc_e5lPsfqqYAgg,MoneyPop Basics,16,keyword,2026-08-14 19:12:05.642199+03:00,"MoneyPop Basics helps beginners build better money habits with simple, easy-to-understand personal finance tips.

If you want to learn how to save money, budget better, track your spending, avoid money leaks, manage subscriptions, and make smarter everyday financial choices, this channel is for you.

We break down beginner-friendly money tips into short, simple videos so personal finance feels less overwhelming and more practical. No complicated jargon, no get-rich-quick promises, just clear money habits you can actually use.

On this channel, you’ll find videos about:

Saving money
Budgeting tips
Spending habits
Personal finance for beginners
Money management
Smart financial habits
Simple ways to stop wasting money
Beginner-friendly financial literacy

Subscribe to MoneyPop Basics for simple money habits, smart saving tips, and easy personal finance lessons that help you learn, save, and grow one step at a time.
",0.052002,14.77,1.6079
UCD0OVuUSqLZYQjFTU2ytjRg,BillSavings,15,keyword,2026-08-14 19:15:36.649286+03:00,"BillSavings.com is your online bill savings help resource, so you can get money saving tips on the cheapest insurance, get a great cell phone deal, and find the best way to stay out of debt, not to mention many other informative bill savings help tips. www.BillSavings.com",0.003841,2.43,1.5908
UCJwAhdKW7VUAqqkyU3YMiCA,Financial Education,12,keyword,2026-08-14 18:57:56.290636+03:00,"Welcome to the Financial Education channel! This channel aims to provide comprehensive information on personal finance management, investment strategies, budget planning and many more financial topics. We are here to guide you on your path to financial independence, help you manage your money wisely and support you in achieving your financial goals. Together, let's increase our financial literacy and shape our financial future. Join this journey by subscribing to our channel! ",0.102273,39.66,0.8444
UC4BrnhWo394tjKVhIK1oZ0g,Stock Analyst 2026,11,keyword,2026-08-14 19:09:19.763533+03:00,"📊 StockAnalyst2026 | Stock Market Education

Welcome to StockAnalyst2026 — Your one-stop 
destination for complete Stock Market learning 
in simple Hinglish language!

📈 What You Will Learn:
✅ Value Investing (Buffett & Graham Strategy)
✅ Fundamental Analysis (PE, PB, ROE & more)
✅ Technical Analysis (Charts, Indicators, Patterns)
✅ Basic to Advance Stock Market Concepts
✅ Real Indian Market Case Studies (NSE/BSE)
✅ Nifty 50, Bank Nifty Analysis

🎯 Who Is This Channel For?
→ Beginners who want to start investing
→ Traders who want to learn analysis
→ Anyone who wants financial freedom

⚠️ Disclaimer:
All content is for educational purposes only.
Please consult a SEBI-registered financial 
advisor before investing.

📌 Subscribe & Press 🔔 Bell Icon
New videos every week!

#StockMarket #ValueInvesting 
#FundamentalAnalysis #TechnicalAnalysis 
#StockAnalyst2026 #NSE #BSE #Nifty50

",0.330456,411.79,1.0
UCCwRJQvzyf7O3Dt9PVIkECA,    Smart Money Lab,11,keyword,2026-08-14 19:15:44.867052+03:00,"Learn Money. Build Wealth. 💰📊 Smart Money Lab is your home for simple, practical personal finance education made for everyday Australians. From budgeting rules that actually work with real Aussie rent and grocery prices, to income tracking, saving strategies, and breaking down new tax and super changes — we make money management easy to understand and even easier to apply. New videos weekly for anyone who wants to save more, stress less, and take control of their finances.
#SmartMoneyLab #BudgetingAustralia #PersonalFinanceAustralia #MoneyTipsAustralia #FinancialLiteracyAU
",0.157696,92.95,0.6615
UCEozExMo0iHN9RSpv1pJbTQ,Stock Market Analysis,11,keyword,2026-08-14 19:05:13.728887+03:00,"Welcome to Stock Market Analysis — your go-to channel for clear, no-nonsense breakdowns of stock market trends, technical analysis and investment strategies. Whether you're a beginner learning the basics or an experienced trader looking for daily market insights, we cover everything from chart patterns and stock picks to macroeconomic trends shaping the market. New videos regularly. Subscribe and never miss a market move.",0.059544,24.77,1.4059
UCeWdmc6Bsn4OSSBfMdgErDQ,Personal finance For beginners,9,keyword,2026-08-14 19:00:09.203232+03:00,"Welcome to Personal Finance for Beginners!
Learn simple and practical ways to manage your money, save more, budget effectively, invest wisely, and achieve financial freedom. Whether you're a student, employee, or entrepreneur, this channel will help you build strong financial habits and make smarter money decision

#PersonalFinance #FinanceTips #MoneyManagement #Budgeting #SavingMoney #Investing #FinancialFreedom #MoneyTips #WealthBuilding #BeginnerFinance #PassiveIncome #FinancialEducation #SmartMoney #FinanceForBeginners #FinancialGoals


personal finance, finance for beginners, money management, budgeting, saving money, investing, financial freedom, passive income, wealth building, money tips, financial education, smart money, beginner investing, financial planning, personal budgeting.
",0.15308,16.37,0.481
UCUJeArdXioBzUUaSE73RTAw,Abby,4,keyword,2026-08-14 19:15:55.154699+03:00,"Welcome to your go-to spot for everything money! 💸
This channel breaks down personal finance in a way that’s simple, real, and actually useful. Whether you're trying to budget better, pay off debt, save smarter, invest as a beginner, or build long-term wealth — you’re in the right place.
Expect:
• Money tips you can use today
• Beginner-friendly investing advice
• Smart saving strategies
• Debt payoff hacks
• Financial freedom game plans
No boring lectures — just real talk about how to take control of your money and build the life you want.
Subscribe if you're ready to master your money and make smarter financial moves.
Feel free to check out my Udemy course which is also very useful if you are trying to get control over your money, save, spend wise and build wealth. 
https://www.udemy.com/course/financial-survival-guide-after-job-loss/?referralCode=DE0A0A0336C95540E4F2
#BudgetTips #MoneyGoals #InvestingForBeginners #FinancialFreedom
",0.033382,11.36,0.525
UCzXulFzu0dPeW05RroAWeZA,Make Saving - Make Saving Money Easy,4,keyword,2026-08-14 19:15:52.242753+03:00,,0.021869,89.81,0.5698
UCbnOUk6EiEzry7Z5IBgvG3g,stock market analysis ,2,keyword,2026-08-14 19:09:11.312695+03:00,,0.1875,13.38,0.6
UCu5oFCUccA6yk7qv0m4cI9g,Aussie Saving Guide,2,keyword,2026-08-14 19:15:41.890174+03:00,"Welcome to Aussie Saving Guide 🇦🇺💰

Your trusted destination for smart money tips, budgeting ideas, and practical ways to save money in Australia.

On this channel, we share simple and useful videos about:
• Saving money on everyday expenses
• Grocery and shopping hacks
• Reducing bills and living costs
• Budgeting tips for students and families
• Side hustle ideas and online earning opportunities
• Smart financial habits for a better future

Whether you are a student, young professional, family member, or someone looking to manage money better, Aussie Saving Guide helps you make smarter financial decisions with easy-to-understand advice.

Our goal is simple: help Australians save more, spend wisely, and build a financially smarter lifestyle.

Subscribe to Aussie Saving Guide and start your journey toward smarter saving! 🇦🇺✨
",0.0,26.53,3.64
UCCy4be19nx6S1va_VhoqRQQ,HOW TO SAVE MONEY,1,keyword,2026-08-14 19:12:00.606540+03:00,Welcome to my channel where i will show you how to save some money.,0.0,0.0,1.0
UCgiC15ZxONd8hsYP0CKUAEQ,how to Save Money,1,keyword,2026-08-14 19:11:57.815252+03:00,"how to Save Money:

Record your expenses. ...
Make a budget. ...
Plan on saving money. ...
Set savings goals. ...
Decide on your priorities. ...
Different savings and investment strategies for different goals. ...
Make saving money easier with automatic transfers. ...
Watch your savings grow.

It is not the man who has too little, but the man who craves more, that is poor. 
The art is not in making money, but in keeping it. 
Americans spend all or most of their income on things that have little or no lasting value
Many people take no care of their money till they come nearly to the end of it, and others do just the same with their time.
It’s good to have money and the things money can buy, but it’s good, too, to check up once in a while and make sure that you haven’t lost the things that money can’t buy",0.04,0.0,1.0
UCIDJHAyNGASQvA1rtplOpcA,Uk money guide ,1,keyword,2026-08-14 19:15:39.727843+03:00,,0.0,35.29,1.0
UC3DvxD4Ox595k2bgkyEVspA,Mr Iid,0,keyword,2026-08-14 19:15:40.629280+03:00,Welcome to my channel,0.431945,255.19,1.0
UCsnckBfojVHFgxOLQ__NXGQ,Money Guide,0,keyword,2026-08-14 19:15:56.260472+03:00,"Welcome to Money Guide — your simple path to smarter money decisions 💰

Learn how to save fast, grow your income, and build real wealth with easy tips, powerful strategies, and real-life money lessons.


🔥 Start your journey to financial freedom today!
👉 Subscribe now and turn your money into your biggest asset!",0.0,240.05,0.9231
UCS-UdSWZhawKNicZGeBP8CQ,💰 Money Guide Daily,0,keyword,2026-08-14 19:15:53.811004+03:00,"Money Guide is your go-to channel for simple, practical personal finance tips. 💰🇺🇸
Learn how to save money, build better financial habits, manage credit cards, create a budget, understand investing, reduce debt, and work toward financial freedom.
Our goal is simple: make money topics easy to understand and useful in real life.
📌 Topics:
💵 Saving Money
💳 Credit Cards & Credit Scores
📊 Budgeting
📈 Investing Basics
🏦 Banking
💰 Debt Management
💼 Side Hustles
🎯 Financial Goals
Subscribe to Money Guide and start making smarter money moves. 🔔💰
",0.0,0.0,1.0
