video_id,channel_id,channel_title,title,view_count,like_count,comment_count,published_at,outlier_score
L_AjVrPhFiw,UCdqYxe31nwmfDdlnpLsYRiQ,Personal Finance TV,Why billionaire Savjibhai Dholakia will never split his family business?,185860,2170,51,2026-04-24 17:30:25+03:00,176.5723
KA1Ys9UWwKI,UCJOEdSichqfXiNO_eyhFqBw,OneUpSavings,Shein coupon hack!!,102994,1714,47,2022-07-07 18:01:40+03:00,167.925
XvUsVNKVJog,UCsdsKZW4OFml3ZOmefkZ6NA,Erika B. I Real Estate Investing & Wealth Building,"3 Income Streams I'd Start Today With Under 1,000 Dollars",24151,713,46,2026-07-26 14:53:56+03:00,118.6198
vVCB24vrsas,UCJOEdSichqfXiNO_eyhFqBw,OneUpSavings,Strutting through the grocery store knowing I’m saving so much😚💛💙,47111,550,2,2022-07-29 20:46:37+03:00,112.1157
L1lAgZChy-8,UC3kVW0gp1De-FK0fQoLRRig,Christina's Side Hustles ,Pinterest Affiliate Marketing for Beginners (Step-By-Step Tutorial),349664,10473,246,2024-12-02 18:00:06+03:00,104.8719
0DgtGQUQNv4,UC02XFdLbgdhnNr8d3Pk3RWQ,HundredsK,THE 50/30/20 BUDGET RULE EXPLAINED: 8 SIMPLE SECRETS TO MASTER YOUR MONEY,13382,353,21,2025-09-05 01:00:01+03:00,97.3945
ilOhjf7kjbs,UCdqYxe31nwmfDdlnpLsYRiQ,Personal Finance TV,How the Cycle Agarbatti family built a 77-Year legacy | Arjun & Pavan Ranga on succession planning,65940,711,83,2026-04-09 17:30:43+03:00,64.9371
g5AeRZ_xuxk,UCsdsKZW4OFml3ZOmefkZ6NA,Erika B. I Real Estate Investing & Wealth Building,"If Your Paycheck Stopped This Friday, Could You Survive? (8 Streams of Income)",24603,823,80,2026-06-28 08:00:06+03:00,61.6308
ro8T2SbrOjE,UCzomXQvDl2UblYIjBoFR8aw,Ken McElroy,The Coming Diesel Crisis Will Be The EVERYTHING Crisis,139831,3471,553,2026-08-03 19:12:39+03:00,55.9279
UgHiDfN1QmM,UCzomXQvDl2UblYIjBoFR8aw,Ken McElroy,The Bond Market Just Sent a MASSIVE Real Estate a Warning,110530,931,86,2026-07-29 00:40:22+03:00,54.7965
lF4XTdP0Me8,UCN-Enh5DrQ9SZRnyKqC4zBA,Finance Explained 2026,OPEC Explained: How Oil Prices Are Controlled,978,4,0,2026-03-18 16:01:27+03:00,45.8438
nnMEApkni2k,UC3kVW0gp1De-FK0fQoLRRig,Christina's Side Hustles ,5 Apps That Pay You To Play GAMES! Make Money Online in 2025,234566,3605,287,2025-01-31 17:00:52+03:00,42.6398
5LASOYO9e5g,UCTwQdrTQ-d67D8fz6PaAUKA,Cary Feldmann,No Retirement Savings - Now what?,14143,66,14,2014-12-31 05:39:27+02:00,41.3672
vWHQv740uJo,UCBqvATpjSubtNxpqUDj4_cA,Anshuman Sharma,The Car Insurance Trick Nobody Tells You About,2153579,947,4,2026-06-12 15:30:25+03:00,40.9402
ii_QwxPOtQU,UCzGkdPQP87AfzmOYn_jo7Xw,A Penny Pinchers Guide to Personal Finance,IRS Free File | How to File Taxes for Free 2026,33691,488,88,2026-01-30 00:00:48+03:00,33.5635
xl3Z2QeyxA8,UCA8P3Rgfjn0IFZL4bmrKbrg,Rule #1 Investing,$300 Million Investment Manager Reacts to Terrible Finance TikToks...,855757,16412,821,2026-04-17 16:31:14+03:00,30.9097
HayEQdugjdo,UC2zVhoKml5z9cGsiptWxCgA,Casper Capital,Perfume Refill Discount Hack! 💸 #save #money #savemoney,1798882,29089,265,2026-07-24 19:32:29+03:00,29.1858
MDQ8Kn8Cz3E,UCyim6sFnx1jhBa4I9TrDgHg,Save with Jenny,Would You Save Using $2 Bills? I got $200 in $2 bills for Mini Monday 💜  #money #budgeting #saving,2150,8,6,2026-08-05 01:57:32+03:00,26.7318
U1ILOjKnnrA,UCZ30vPTrBcY5X0PDg3Pf9Cg,Merriman Market Analyst,Ray Merriman on Jupiter and Saturn Transits: Mastering the Cycles of Life,14758,164,24,2026-07-29 05:12:32+03:00,26.4528
RJeCm-ejE64,UCuWUqge06kLz4EqWvQScAeg,Budget with Himani,Emergency fund cash stuffing #budgeting #budgetwithme,23801,514,14,2024-05-10 16:03:31+03:00,26.012
EqilPaAGU5g,UCjNeF9lzg7hJbQE5OtehFdA,Practical Personal Finance,Credit Unions: The Best Kept Secret in Banking,118625,2441,136,2021-09-04 00:00:04+03:00,24.8549
rZYzqJ7WRoU,UCdqYxe31nwmfDdlnpLsYRiQ,Personal Finance TV,"The Father-Son Duo Behind a ₹70,000 Cr Real Estate Empire | Prestige Group",64962,784,29,2026-07-17 17:30:35+03:00,24.7814
TaH8KrClSTs,UC6n_zKxpkPFg5H3aaS7wrwQ,John Muscarello,"How Anyone Can Make $150,000+ A Year From Uber",4872,133,51,2026-06-12 19:00:13+03:00,24.1667
OtAlmCGr3g0,UCeUyx-u4JxLZyzQiIZODXiQ,Gold&Money Saving Video,❗புதுசா நகை சீட்டு போட போறவங்களுக்கு❓ இதன் மூலம் அதிகமான நகைகள் சேமிக்க முடியும்❗#tamil #2026 #gold,52784,0,26,2026-06-10 07:39:02+03:00,23.1205
_iGfI7slkE0,UCJ3bMRqtGs6_YyI-DFmgIUw,Andrew Giancola,Booking.com can get more views on your rental listing! #ad,50306,40,0,2026-07-15 16:10:39+03:00,22.9091
9v30CNkiqKE,UCubrLBIOAbNoPBwKtd_KI8g,ETF Investments,"$1k into S&P 500 ETF $VOO, here’s where your money would be invested in #stocks #finance #investing",47533,224,22,2025-06-04 19:06:04+03:00,22.881
9bGkA4HUkuc,UCdqYxe31nwmfDdlnpLsYRiQ,Personal Finance TV,I'd have made this a ₹1000Cr Empire. He Didn't Let Me.,60464,709,55,2026-06-05 17:32:12+03:00,21.9287
Ng4AdnGUx9g,UCzGkdPQP87AfzmOYn_jo7Xw,A Penny Pinchers Guide to Personal Finance,2025 IRS Form 1040 Schedule C Walkthrough | Sole Proprietorship,5787,130,12,2026-02-21 21:15:04+03:00,20.8766
BzSP2S3fqCw,UCzomXQvDl2UblYIjBoFR8aw,Ken McElroy,"The ""Infinite Money"" Strategy Explained",56794,1686,107,2026-07-23 20:18:57+03:00,19.1303
siazPdsZHuI,UCGy7SkBjcIAgTiwkXEtPnYg,Andrei Jikh,China Is About To Pop The AI Bubble,1994265,59174,6068,2026-07-08 02:05:52+03:00,18.5076
3JoGca93b8A,UCuCL2wCePWeblnWDnNjoy-g,Principles Personal Finance,Average UK Retiree Income - How do you compare?,125463,1098,159,2024-04-01 19:00:03+03:00,16.9074
MwXD2bbMkQE,UCxmorbDaKl3yM5si8UsDqfg,Money Saving Man,0 Sharpness knife test?💀,589985223,17373171,25349,2024-10-10 03:40:37+03:00,16.3054
LTcg9HMIwlo,UC2zVhoKml5z9cGsiptWxCgA,Casper Capital,Amazon Secret Discount Section! 🤑💸 #amazon #savemoney #amazonfinds,1636764,47672,131,2026-07-06 23:14:35+03:00,15.9222
cJIGcyYO4NQ,UCIDJHAyNGASQvA1rtplOpcA,Uk money guide ,"August 12, 2026",319,0,0,2026-08-12 16:00:34+03:00,15.3735
xILNGoQv-zk,UC3kVW0gp1De-FK0fQoLRRig,Christina's Side Hustles ,I Tried Pinterest Affiliate Marketing For 6 Months And THIS Happened (Results),105363,5552,156,2025-05-02 18:00:06+03:00,15.1724
-rvLBuBYPJA,UCN-Enh5DrQ9SZRnyKqC4zBA,Finance Explained 2026,Explains how and why China purchases US Treasury bonds.,281,4,1,2026-03-26 16:00:01+03:00,15.1075
YBhwK-VWsxY,UCGy7SkBjcIAgTiwkXEtPnYg,Andrei Jikh,Japan's Money Is Collapsing,1897153,48585,3598,2026-07-28 22:47:35+03:00,15.0449
HQ968MUpWeI,UCQA7GqioB626J6GTUKoRzew,Covered Call ETF Investing,SpaceX Meets Passive Income: The Ninepoint SXHI Strategy Revealed,33486,54,12,2026-06-16 16:30:30+03:00,14.0138
kdxmx-SxtcI,UC2zVhoKml5z9cGsiptWxCgA,Casper Capital,Damaged Baggage Hack!🧳 #budgettravel #travel #moneyhacks,876541,12312,38,2026-08-06 02:44:34+03:00,13.5245
nxoXooZ6Csk,UCcygJ-_20B6I1w-Sd-7JsJQ,FIN-LYT by EWA®,The Biggest Financial Regrets of High Earners,8082,66,6,2026-02-17 18:01:23+03:00,13.4745
op1LkDudSWY,UCxmorbDaKl3yM5si8UsDqfg,Money Saving Man,iPhone 17 Pro Durability Test📱🪛,219637302,2381577,21283,2025-09-22 19:18:08+03:00,12.4515
hy90LdpEUvQ,UCGy7SkBjcIAgTiwkXEtPnYg,Andrei Jikh,South Korea’s AI Bubble Just Popped,2802072,72153,4328,2026-07-20 19:18:04+03:00,12.3656
SutDWsneKPw,UCsp5qFT7WU8FQUwlLSKotWw,Personal Finance by Chandu,Day 10/30 | Telangana Car benefits for EV,24450,293,17,2026-05-11 18:35:01+03:00,12.3068
lU86GSAHWK4,UCjNeF9lzg7hJbQE5OtehFdA,Practical Personal Finance,Living on $60K A Year in Northern Virginia | Millennial Money,7168,257,40,2021-05-04 02:39:48+03:00,12.1595
Bxi7VHQFEqU,UCu5oFCUccA6yk7qv0m4cI9g,Aussie Saving Guide,Save Money Rules | #finance #savemoney ,68,0,0,2026-08-05 19:51:11+03:00,12.1429
xGIa8Vg0PWM,UCBayuhgYpKNbhJxfExYkPfA,Ross Cameron - Warrior Trading,"Growing a $2k Account to $65,662.04 in 30 Days (My Day Trading Strategy)",243852,13100,900,2026-08-06 02:32:31+03:00,12.0827
5M8sfnbZuxU,UCJNvGAjGJd54BoabQEC7RbQ,"Spend Time, Save Money, DIY","The Best Screws For Plywood, MDF And Chipboard. Cofirmat Screws",39906,824,73,2025-03-04 10:00:06+03:00,11.1397
9S0gmA8Ml14,UCg5knEqLrU_XrrGkKj_8EPA,Tom's Personal Finance,My Trading 212 Stocks ISA Hit £50k - Here's What I Learnt in 5 Years,101544,1691,251,2025-11-04 20:00:25+03:00,11.0576
NXEnDt8shuM,UCC_3C1KOVqQpPNStlnsFivw,Personal Finance Circle ,Top 10 Nigerian Stocks To Buy For August 2026,2842,188,42,2026-08-05 22:27:57+03:00,10.9899
NuIPjrkPrdw,UCa38D0GqzRYymtrj401uqgA,MariesBudgetingHacks,Cash stuffing savings challenges!,141,6,1,2026-02-05 21:04:41+03:00,10.8462
NmsNUCh-zc8,UCemb1I8KV45MbWokk-Z_GSw,Rochit - SEBI RA,Tata & ASML Semiconductor Deal Explained: What You Need to Know,128028,3490,68,2026-05-25 06:45:22+03:00,10.5594
nCw9johhZ-I,UCg5knEqLrU_XrrGkKj_8EPA,Tom's Personal Finance,"£10k invested in a Trading 212 Stocks ISA - 12 Months Later, Here's The Result",27113,489,36,2026-06-17 14:22:36+03:00,10.287
9k6K-RKmk5k,UCxmorbDaKl3yM5si8UsDqfg,Money Saving Man,Gallium vs Silver Play Button💀,184104258,4412355,10715,2024-12-06 20:34:06+03:00,10.1855
YFKwhm8XKR0,UCemb1I8KV45MbWokk-Z_GSw,Rochit - SEBI RA,RBI Fixed Deposit Scheme: Everything You Need to Know by SEBI RA,118064,1377,129,2026-05-15 06:30:31+03:00,10.0043
iZegY6vQkII,UCemb1I8KV45MbWokk-Z_GSw,Rochit - SEBI RA,I Ranked Top Indian Stocks (Tier List),117246,1285,5,2026-05-05 16:30:48+03:00,9.7715
DTVhOBGGhnM,UCjNeF9lzg7hJbQE5OtehFdA,Practical Personal Finance,Best Savings Account 2023,23159,843,82,2023-02-14 01:57:55+03:00,8.9778
FXRpR5toBSw,UCemb1I8KV45MbWokk-Z_GSw,Rochit - SEBI RA,"How to Start Investing with ₹15,000 Salary by SEBI RA",86127,2017,63,2026-05-19 07:00:14+03:00,8.9557
dUfsD2isN6U,UC_4e5fSTA81NyWHHJXI0vug,Simple Crypto Advice,Message me for more info! t.me/JakeclaverHQ #xrp #crypto #bitcoin #investing #news #america,943,22,8,2026-01-07 07:38:52+03:00,8.8131
bswa-yqJOnE,UCQA7GqioB626J6GTUKoRzew,Covered Call ETF Investing,Ninepoint Doubles It's High Yield ETF Lineup,34558,104,19,2026-04-12 19:00:51+03:00,8.7321
LS9Yw7_TiSY,UC2zVhoKml5z9cGsiptWxCgA,Casper Capital,Damaged Baggage Money Hack! 🤑 ✈️ #travel #money #moneytips,939647,20989,89,2026-06-17 06:11:13+03:00,8.6421
dlaVKt9-Tfg,UCGy7SkBjcIAgTiwkXEtPnYg,Andrei Jikh,The U.S. Is Now Buying Yen,953368,24380,2047,2026-08-06 00:16:11+03:00,8.5385
xtd-DI9D98w,UC94m18wtI9QAYrXKXqFPWDg,Ben Mallah,Cost of living in a $30M mansion,437111,10409,1852,2026-08-02 03:26:11+03:00,8.4077
VqVMKTNOHVA,UCQpPo9BNwezg54N9hMFQp6Q,Nischa,ACCOUNTANT EXPLAINS: Never Finance A Car This Way (2026),413599,8338,928,2026-08-09 15:00:26+03:00,8.3751
zRjz_tU72F4,UCY2zfrNp3wx_6798b6lkj-g,Rick Explains,The Luxury Trap: Why Looking Rich Is Keeping You Broke,56,0,0,2026-03-14 11:36:22+03:00,8.3582
Xv--4uAF27E,UCJOEdSichqfXiNO_eyhFqBw,OneUpSavings,HOW TO GET A CHIPOTLE BOWL FOR $3.45!! 💛💙,1551,37,0,2022-08-09 21:30:52+03:00,8.2544
oFSRUuzGVCE,UCzOAAJUiSO2uyu1xyxw__2Q,Side Hustle Nation,How Long Does It Actually Take to Hit 6-Figures? (New Solopreneur Report),51289,23,16,2026-02-24 19:00:00+03:00,8.0397
1Xs1IMgQ7q8,UCC_3C1KOVqQpPNStlnsFivw,Personal Finance Circle ,Top 10 Nigerian Stocks To Buy For July 2026,6478,268,66,2026-07-07 22:13:25+03:00,7.9339
oIBwNHgJj08,UCA8P3Rgfjn0IFZL4bmrKbrg,Rule #1 Investing,Warren Buffett Breaks His Silence on the U.S. Stock Market,104577,1950,373,2026-06-28 16:30:27+03:00,7.9218
7BnQ5gqxTN8,UCubrLBIOAbNoPBwKtd_KI8g,ETF Investments,Top holdings inside DRNZ - the only pure-play drone ETF on the market 🚀 #drone #etfs #investing,10797,6,0,2026-03-21 20:51:06+03:00,7.9198
VxveDcHnHPg,UCyKdgkl95vgEawz06gYf7qw,JENNIFER COOK,25 Practical Tips to Live Below Your Means (these will help you SAVE a Lot of Money),266582,8243,733,2024-12-21 17:00:27+03:00,7.763
RVJW4tBk5XA,UCeUyx-u4JxLZyzQiIZODXiQ,Gold&Money Saving Video,❗என்னுடைய 5 சவரன் நகையை❗50 சவரன் ஆக மாற்றியது எப்படி❗#tamil #2026 #gold #new #money #goldjewellery ,22812,0,49,2026-05-21 07:52:09+03:00,7.6945
DhI4etSPG64,UCzGkdPQP87AfzmOYn_jo7Xw,A Penny Pinchers Guide to Personal Finance,W-9 Tax Form Explained | How to Fill Out W-9,3826,41,4,2026-02-06 00:15:01+03:00,7.6581
Uw84lTiD5C8,UCGy7SkBjcIAgTiwkXEtPnYg,Andrei Jikh,Russia Just Legalized Crypto,611883,17250,1140,2026-08-10 21:53:17+03:00,7.6363
bK9b-R7q5dM,UCXzSlkirH197OYJt20qZqvQ,Finance & U,"Million, Billion & Trillion Explained | Lakhs and Crores Conversion",14942,258,12,2026-06-14 14:22:00+03:00,7.6227
w4VDxKPinkI,UCwVEhEzsjLym_u1he4XWFkg,Finance With Sharan,Move to Europe Without Quitting Your Indian Income: Step-by-Step ₹50 Lakh Plan | Mr. Deepesh | FWS,533247,5490,561,2026-07-30 15:30:39+03:00,7.4545
yLg49wdiyzA,UC6LBqoy0A8uNVdWPCDN37Hw,SPEAKER SINGH ULO,Why School didn’t teach us Financial Education #financialeducation #motivation,16790,700,12,2026-06-03 09:41:03+03:00,7.1731
UlMZzek6vZE,UCJNvGAjGJd54BoabQEC7RbQ,"Spend Time, Save Money, DIY",External mitre for skirting boards or baseboards #skirtingboard #baseboard #diy #woodtrim,223634,2071,76,2026-05-16 09:10:53+03:00,7.1501
ouZhc1RvTc4,UCQpPo9BNwezg54N9hMFQp6Q,Nischa,Accountant Explains: 97.8% of What You Need to Know About Money,735079,12760,660,2026-04-12 15:01:21+03:00,7.1269
K0-i0CcL9Yo,UCxmorbDaKl3yM5si8UsDqfg,Money Saving Man,Phone screen repair hack⚡️,161868096,2765887,8375,2025-04-17 17:45:09+03:00,7.0413
lxoqnAsiHXE,UCJOEdSichqfXiNO_eyhFqBw,OneUpSavings,Walmart Gift Card Giveaway!!💛💙,1381,19,4,2022-08-16 18:55:27+03:00,6.9607
5oMBdXzbVok,UCe3qdG0A_gr-sEdat5y2twQ,CA Rachana Phadke Ranade,File Salary ITR - 1 in 10 mins - 2026 | CA Rachana Ranade,195981,3265,173,2026-06-26 15:40:57+03:00,6.8636
_aIv-3AgvR0,UCD0OVuUSqLZYQjFTU2ytjRg,BillSavings,Old-Fashioned Books vs. Amazon Kindle | BillSavings.com | BSPtv-Eps21,1069,3,0,2009-08-25 17:31:45+03:00,6.7744
DmFhkWc-1hU,UCJNvGAjGJd54BoabQEC7RbQ,"Spend Time, Save Money, DIY",How to fix gaps in skirting board joints. Easy fix. #skirtingboard #diy #woodworking,177567,2411,179,2026-04-19 16:32:58+03:00,6.6377
TUk0r2lNXGg,UCxmorbDaKl3yM5si8UsDqfg,Money Saving Man,Water walking Shoes👟,89455568,1787350,8518,2026-03-08 20:13:52+03:00,6.6295
rnMVy0zaAAE,UCjNeF9lzg7hJbQE5OtehFdA,Practical Personal Finance,Certificate of Deposit: The Safest of All Investments,17596,609,19,2021-09-11 02:26:47+03:00,6.5564
JvtaN8usLxg,UCMw07uiVxGULqePlrOZnx9A,Personal Finance with Leila - Debt Over It,the BEST financial decisions people have made,83613,2982,238,2026-05-14 18:07:41+03:00,6.5559
v0NvJPIRwDQ,UC6n_zKxpkPFg5H3aaS7wrwQ,John Muscarello,Use This Video To Make $280 Profit This Evening,2378,81,7,2026-03-06 20:01:36+03:00,6.551
A_P0eqoWAbU,UCB5ZZx-gaW0kNvD2siezozg,Della Debt Payoff,"Starting Our Debt Payoff Journey | Consumer Loans, Student Loans & Mortgage July 2025",2612,99,6,2025-09-24 19:07:18+03:00,6.4685
9CfXMCrmK5s,UCyBWmsr_ONhzUK-pwjTTbWw,DebtEfficiencyMethod,Save Money While Paying Off Debt (Do This Split),1092,7,0,2026-07-08 02:03:08+03:00,6.452
Q5YjR-sQXFU,UC5fZv7bPcF5j2RsfO-9OiLA,Investor's Business Daily,Is Apple’s AI Strategy Better?,23443,344,81,2026-07-27 17:24:43+03:00,6.4278
YSqpkgYA-eI,UCQpPo9BNwezg54N9hMFQp6Q,Nischa,I Changed 5 Things About My Day. Everything Compounded.,233241,7845,251,2026-05-03 15:00:54+03:00,6.4069
rUVmfReCa7M,UCMw07uiVxGULqePlrOZnx9A,Personal Finance with Leila - Debt Over It,33 Years Old & Here's Exactly What I'm Worth,46791,1045,244,2026-07-12 17:00:26+03:00,6.3486
MYHU59LtOmI,UC3XS0ijFO4BgZTetnJHsJ1g,Stock analysis,Norwegian Q2 26 - A Big Upside,433,1,1,2026-07-16 23:04:48+03:00,6.2936
RMv8Eo8nIGw,UCwVEhEzsjLym_u1he4XWFkg,Finance With Sharan,"Sea-Facing Luxury Towers, Private Clubs & Crore-Worth Horses: South Bombay Unfiltered | Owais | FWS",273032,3091,182,2026-08-12 15:30:33+03:00,6.2698
IuNuzt7OSBI,UCei_S13qOulomFmVslcGSZw,How To Save Money,EASY Money Saving Idea | Financial Planning for YOUNG People,481,13,0,2020-06-11 02:24:18+03:00,6.2671
lMTSI57lM5M,UCjNeF9lzg7hJbQE5OtehFdA,Practical Personal Finance,Best Savings Account 2021,32956,835,60,2021-08-10 00:11:51+03:00,6.251
h8nQN_CmVOw,UCuCL2wCePWeblnWDnNjoy-g,Principles Personal Finance,The Budget that CHANGED Retirement Planning FOREVER,170577,2282,813,2024-10-31 01:21:01+03:00,6.2159
n6irJRtMLE8,UCC_3C1KOVqQpPNStlnsFivw,Personal Finance Circle ,Top 10 Nigerian Stocks To Make Money In June 2026,6287,362,79,2026-06-07 21:00:13+03:00,6.1523
h_JRz_HWFBo,UCXXrF5YWtXm8mWx-dR0KG7A,Secrets of Stock Market,NISM Series 8: The Ultimate Guide to Equity Derivatives With Mock Tests | Pass in 1st Attempt,11024,58,6,2026-01-11 16:56:53+03:00,6.1163
rjeVQAug64Y,UChObmEJP3bgGUXJGc2ePP3Q,Our Rich Journey,MILLIONAIRE EXPLAINS: Why Your First $10K Changes Everything,66201,2880,135,2026-07-05 19:00:13+03:00,6.1142
IwCxR7PvI6E,UCzomXQvDl2UblYIjBoFR8aw,Ken McElroy,The CPI Report Just Sent a Massive Real Estate a Warning,21545,411,46,2026-08-12 20:09:12+03:00,5.9873
DExL8nj_z0A,UCMw07uiVxGULqePlrOZnx9A,Personal Finance with Leila - Debt Over It,Real emergency funds revealed,71141,2103,355,2026-06-18 21:05:44+03:00,5.8656
CBK7R6hcCbc,UCAm8TlOEXTPq2B04yQ0lDuA,Mission Side Hustle,I bought Costco's CHEAPEST furniture return pallets,347157,4812,194,2024-08-12 22:35:09+03:00,5.7547
1Iq0m4T9zLM,UCyKdgkl95vgEawz06gYf7qw,JENNIFER COOK,50 Great Money-Saving Tips (these will help you SAVE thousands!),196651,6498,468,2024-10-19 16:00:02+03:00,5.7524
ByHcZUBRlFA,UCyKdgkl95vgEawz06gYf7qw,JENNIFER COOK,50 Great Money-Saving Tips to Live Below Your Means,146557,4158,173,2025-10-25 16:00:22+03:00,5.7306
aJmdfMuPV9E,UCEAAzv2OBqxsSczKJ2QZyGQ,Pushkar Raj Thakur: Stock Market Educator 📈,₹1 Per GB Internet Tax 😱 | New Govt Rule Explained (Full Truth),509908,10537,3223,2026-08-08 11:45:36+03:00,5.7218
uC7PEtbpN-k,UCzomXQvDl2UblYIjBoFR8aw,Ken McElroy,The $105 Trillion Debt Crisis Is the EVERYTHING Crisis,20396,583,62,2026-08-07 19:00:12+03:00,5.7066
mrfMQXACetQ,UCCwRJQvzyf7O3Dt9PVIkECA,    Smart Money Lab,10 Wealth Building Habits That Will Change Your Life in 2026,29,0,0,2026-07-29 18:07:50+03:00,5.6739
jLDTeuERLJU,UCD0OVuUSqLZYQjFTU2ytjRg,BillSavings,Premarital Counseling: Money and a New Marriage,2763,5,0,2008-12-20 00:04:02+02:00,5.6204
GAb5liToNBw,UCB5ZZx-gaW0kNvD2siezozg,Della Debt Payoff,"October 2025 Debt Payoff Journey Update | Consumer Loans, Student Loans & Mortgage (we met a goal!)",1819,84,42,2025-11-04 00:47:22+03:00,5.5866
44yfuDJVC2I,UCeUyx-u4JxLZyzQiIZODXiQ,Gold&Money Saving Video,2026❗அடகு நகையை திருப்ப மிக எளிமையான வழிகள்❗gold saving tips tricks 💎#gold#new#2026 #money#loan#2025,8837,0,22,2026-05-27 07:39:56+03:00,5.5415
qX8glc1zaTE,UC_4e5fSTA81NyWHHJXI0vug,Simple Crypto Advice,Message me for more info t.me/JakeclaverHQ #xrp #crypto #bitcoin #investing #news #usa #america,1724,10,3,2026-01-11 10:24:43+03:00,5.5239
bu1lu5VOTHw,UC6LBqoy0A8uNVdWPCDN37Hw,SPEAKER SINGH ULO,Subscribe @speakersinghulo Why Punjab facing Slavery of Centuries?,21980,668,6,2026-06-09 15:07:52+03:00,5.5174
4jCwOKKjlug,UCA8P3Rgfjn0IFZL4bmrKbrg,Rule #1 Investing,How I Calculate the Buy Price of a Stock.,82358,2730,40,2026-03-21 15:16:38+03:00,5.4297
GpOn88cPSWM,UCyim6sFnx1jhBa4I9TrDgHg,Save with Jenny,I Completed 31 Mini Savings Challenges | How Much Did I Save? Cash Unstuffing | Counting My Savings,941,66,30,2025-06-23 18:26:35+03:00,5.4018
lAbTmTxiOAQ,UCQpPo9BNwezg54N9hMFQp6Q,Nischa,The easiest (& laziest) way to get rich,548131,18260,902,2026-05-25 14:23:28+03:00,5.3664
1loQN_CAwFw,UCUJeArdXioBzUUaSE73RTAw,Abby,How Millennials & Gen Z Can Retire Early,364,2,0,2025-09-03 20:25:31+03:00,5.3608
b89DN3RlkMc,UCxGoymtTKiZd_SlSI58rVAA,Money Management,SOFI: Institutions Are Buying SOFI Stock Heavily! Wait For This Pattern To Form! ✅,1225,32,1,2026-08-08 17:00:37+03:00,5.347
nzgPaUNET5w,UCBqvATpjSubtNxpqUDj4_cA,Anshuman Sharma,He Got Fired From JPMorgan After Working there for 10 Years | #personalfinance #money #investing,138176,1745,72,2026-08-10 15:30:29+03:00,5.347
znqd88Qtbb4,UC1XRSWmlx6pP00Aipfm7Agw,Stock analysis and Tutorial,Free Share Market Training Video Guideline | By Bal Chandra Pariyar,2267,125,19,2026-03-21 11:37:18+03:00,5.3327
LCbVikmmBls,UCV6KDgJskWaEckne5aPA0aQ,Graham Stephan,WTF Is Happening To The Housing Market?!,557702,13246,2717,2026-07-22 23:06:45+03:00,5.3034
pevNGUBg_8w,UCuCL2wCePWeblnWDnNjoy-g,Principles Personal Finance,The '£1.25 MILLION Pension Rule' - (Pensions vs ISAs from 2027),24820,413,332,2026-08-10 19:30:39+03:00,5.2885
BEWhXwi7-EI,UCoAuxtwgh8LSHeMFqEwjgHA,Steve Miller,Gold Big Picture Analysis | Multiple Time Frame Cycle & Chart Analysis,13769,581,46,2026-07-26 16:30:18+03:00,5.2614
eg6oQcMZeN8,UCN-Enh5DrQ9SZRnyKqC4zBA,Finance Explained 2026,"How Oil Prices Are Set: OPEC, the Petrodollar, and Why Oil Affects Everything You Buy",63,1,0,2026-04-15 17:15:17+03:00,5.25
OMKkRzjnOEs,UCzOAAJUiSO2uyu1xyxw__2Q,Side Hustle Nation,Turning My Unfolded Laundry into a $12M Business (Susan Toft’s Story),35856,41,17,2026-03-02 17:00:00+03:00,5.1587
orQXP5z3CZs,UCB5ZZx-gaW0kNvD2siezozg,Della Debt Payoff,"December 2025 Debt Payoff Journey Update | Consumer Loans, Student Loans & Mortgage ",1113,57,11,2025-12-31 20:22:59+03:00,5.0637
mB8BIC-knZU,UCJOEdSichqfXiNO_eyhFqBw,OneUpSavings,When you shop without OneUpSavings,4641,60,0,2022-11-16 21:10:00+03:00,5.0446
fIcWfHikAOo,UCFCEuCsyWP0YkP3CZ3Mr01Q,The Plain Bagel,Let's Talk About the AI Bubble,1203115,32427,3238,2025-11-07 20:01:14+03:00,5.0105
ELp0sZC6KUk,UCjNeF9lzg7hJbQE5OtehFdA,Practical Personal Finance,"The Public Service Loan Forgiveness Expansion, Explained",19296,360,89,2021-10-19 00:46:45+03:00,5.0031
rqAtRG653m4,UCdqYxe31nwmfDdlnpLsYRiQ,Personal Finance TV,Who Owns Times of India? The Untold Story of BCCL & the Jain Family | ROOTS Episode 9,9140,198,58,2026-06-25 17:34:39+03:00,4.9845
aXWKqc9uwdA,UCEAAzv2OBqxsSczKJ2QZyGQ,Pushkar Raj Thakur: Stock Market Educator 📈,Sunk Cost Fallacy: Ek Psychological Trap Jo Aapka Time Aur Paisa Dono Barbaad Karta Hai!,672655,30719,183,2026-08-04 13:00:24+03:00,4.9572
vodBVRuhIRU,UCc4xrZAgAc_e5lPsfqqYAgg,MoneyPop Basics,Are you actually saving money on sale items? #smartshopper #money,1197,13,1,2026-05-23 16:30:13+03:00,4.9514
5PBOZ38tN9Y,UCGzT_Qn6u8Nksu5_8Z46gqQ,Financial Education By Mukul Agrawal,SBI Mutual Fund IPO Analysis 🔥 Subscribe Kare Ya Avoid? | SBI AMC IPO Review 2026  #shorts,19168,512,5,2026-07-14 17:27:32+03:00,4.9311
6ZSvogLn9cQ,UCbKdotYtcY9SxoU8CYAXdvg,"Let's Talk Money! with Joseph Hogue, CFA",BUY HEAVY! The ONLY 5 Stocks We’re Both Buying,56725,1702,516,2026-08-12 18:45:11+03:00,4.9237
H6oOAbc2K_I,UC6LBqoy0A8uNVdWPCDN37Hw,SPEAKER SINGH ULO,Subscribe @speakersinghulo Why Punjab Fails Always? #financialeducation #motivation #punjabi,18293,466,16,2026-06-07 09:23:11+03:00,4.8788
d2xewVN_eDE,UCOHxDwCcOzBaLkeTazanwcw,Bravos Research,An Opportunity Like This Won’t Come Again… (Emergency Update),759455,16767,106,2026-03-26 20:42:48+03:00,4.8781
mJvFizwJ3iQ,UCSvdGqBMo6qY5T-KCOUUNIA,Maria's Budgeting,March 2026 Budget | Cash Envelope and Sinking Fund Stuffing | Paycheck 1 | 26 Year Old Budgeter,5632,216,12,2026-04-02 17:41:12+03:00,4.7965
eH6cgaGico4,UCuWUqge06kLz4EqWvQScAeg,Budget with Himani,Part 2 : Cash stuffing Feb #shorts #savings,14475,348,7,2024-02-26 20:51:31+03:00,4.7425
nqog5aiJh2s,UCkQA8OxvAOFet9IED4qfnHQ,Pinoy.PersonalFinance,Simple investing for 2026: The 3 Fund portfolio (beginner friendly),25166,516,48,2026-02-07 13:01:09+03:00,4.6763
BVzay1NEeno,UCeWdmc6Bsn4OSSBfMdgErDQ,Personal finance For beginners,Personal Finance for Beginners | How to Start Managing Money (Step by Step),55,3,2,2026-06-20 17:38:47+03:00,4.661
NjqCt0zLQcI,UCsdsKZW4OFml3ZOmefkZ6NA,Erika B. I Real Estate Investing & Wealth Building,How to Stop Your Family From Losing 90% of Their Wealth,438,28,5,2026-07-19 16:00:06+03:00,4.6203
QnlBiaxt5y0,UCubrLBIOAbNoPBwKtd_KI8g,ETF Investments,"JP Morgan’s Top 3 ETFs / JEPQ, JPST, JEPI #etf #investing #stocks #finance",7054,100,4,2025-04-15 16:00:43+03:00,4.5811
ByQXqvXus58,UCAm8TlOEXTPq2B04yQ0lDuA,Mission Side Hustle,I Made $10K+ Last Month Flipping These 5 Items on Facebook Marketplace,32615,1093,105,2026-06-01 21:00:28+03:00,4.575
0XG8rvHfV9k,UC0jVMGbh5CQgsVAcbF9HZVw,Investor Uday,How to Start ETFs Swing Trading in 2026 & My PLAN,10067,393,41,2026-01-03 17:18:05+03:00,4.5318
m956XkFpsCU,UCkQA8OxvAOFet9IED4qfnHQ,Pinoy.PersonalFinance,How to Double Your Money Using The Rule of 72,20156,390,40,2026-07-17 13:00:23+03:00,4.5289
mIu2Th-jXgw,UCg5knEqLrU_XrrGkKj_8EPA,Tom's Personal Finance,6 Months Ago I Invested £10k On Trading 212 - Here's What Happened,64238,853,95,2025-12-02 20:04:04+03:00,4.5184
q3CeSuT6fs4,UCJwAhdKW7VUAqqkyU3YMiCA,Financial Education,10 Most Important Lessons about Money and Finance SCHOOL DON’T TEACH You !,12,0,0,2023-08-10 15:25:13+03:00,4.5
uLSJULU_og4,UCY2zfrNp3wx_6798b6lkj-g,Rick Explains,The 8.71% Rule That Decides If You Should Rent or Buy (2026),33,1,0,2026-02-27 14:26:19+03:00,4.5
BzZPJo4rqGk,UCubrLBIOAbNoPBwKtd_KI8g,ETF Investments,3 ETFs investing in Directly into Artificial intelligence (AI) #etfs #ai #finance,7819,129,2,2025-11-21 00:04:19+03:00,4.4762
1GEfFwYpxdA,UCkQA8OxvAOFet9IED4qfnHQ,Pinoy.PersonalFinance,If You Are Over 40 and Walang Saving... Watch This,18426,323,93,2026-04-26 07:00:03+03:00,4.4574
RKlT3uM0ruw,UCbKdotYtcY9SxoU8CYAXdvg,"Let's Talk Money! with Joseph Hogue, CFA",5 Stocks I’m Buying HEAVY Right Now July 2026,88166,2459,590,2026-06-28 19:00:36+03:00,4.4471
-qy9cAeTD7k,UC0LQqb2IIPnK5PHGbGs9QIw,Money Managers,How and Where Do I Buy Stocks in Botswana?,6702,368,30,2024-05-25 20:56:20+03:00,4.4334
PemZHHjrXFg,UCAm8TlOEXTPq2B04yQ0lDuA,Mission Side Hustle,"I spent $2,500 on an APPLE RETURN PALLET",291335,4944,365,2024-10-08 22:12:04+03:00,4.4278
8m8C3dQN1HI,UCDZVtJo7COyaXFrmTJKnT-w,Richard Dias | IceCap Asset Management,The Next Stage in Canada's Housing Bust | IceCap Canadian Market Wrap Episode 56,18652,501,140,2025-09-26 00:30:03+03:00,4.4176
lXkvFlQRtGU,UCV6KDgJskWaEckne5aPA0aQ,Graham Stephan,Chipotle Savings Hack! 💵,474014,16214,162,2026-06-15 20:00:32+03:00,4.399
Xty22UwDuME,UCzomXQvDl2UblYIjBoFR8aw,Ken McElroy,This Retirement Warning Should Terrify Every American,8234,264,57,2026-07-26 22:29:26+03:00,4.3969
AdMZ3eW4WsA,UCzOAAJUiSO2uyu1xyxw__2Q,Side Hustle Nation,"Steal These 5 ""Wild"" Business Ideas Making $1000/Day",50336,61,13,2026-07-01 16:00:12+03:00,4.3917
elc2gqwK5eM,UCg5knEqLrU_XrrGkKj_8EPA,Tom's Personal Finance,"After Years of Investing, This Is All I’m Buying in 2026",33820,704,192,2026-02-02 19:32:23+03:00,4.3819
9KGwdiB9qSE,UCVcMN2cHlHw1Q7wkF2GR8SQ,No Bs Crypto,99% of Stellar XLM Holders Have No Idea What's Coming,38838,2395,25,2026-07-02 19:33:24+03:00,4.3607
Wx5mWgoq8UM,UCBqvATpjSubtNxpqUDj4_cA,Anshuman Sharma,He Earns 7Lakhs a Month But He is Still Scared | # #personalfinance #finance #money,252651,5532,274,2026-07-11 15:30:25+03:00,4.3234
kyg5Xdi52TQ,UCXzNNA2ngRpRiWvyA7eGd6w,Nick Invests,Are You On Track to Becoming a Multi-Millionaire? (2026 Edition),17451,372,122,2026-08-09 23:41:16+03:00,4.257
D_oQAVyFUm4,UCEAAzv2OBqxsSczKJ2QZyGQ,Pushkar Raj Thakur: Stock Market Educator 📈,🐢 Don’t Follow the Crowd!,364076,22210,82,2026-08-12 15:00:29+03:00,4.2539
81NWcnBBU5s,UCeWdmc6Bsn4OSSBfMdgErDQ,Personal finance For beginners,The Complete 50/30/20 Budget Rule Guide for Beginners,32,2,0,2026-07-16 21:54:06+03:00,4.2105
3_NIX-QQQyE,UChiJI6aZx9XflzWBg98p6TA,Tanisha Garg,Gann Theory Explained in Hindi | इन Numbers पर Market Reverse होता हैं | TanishaGarg101,64001,3603,903,2026-06-25 13:02:13+03:00,4.2019
gt8KAc7h9O8,UCXzNNA2ngRpRiWvyA7eGd6w,Nick Invests,What No One Tells You About Being a Millionaire,20473,1298,270,2026-07-06 23:41:13+03:00,4.201
IFsbizcAqEs,UCD0OVuUSqLZYQjFTU2ytjRg,BillSavings,How to Find Great Deals on eBay,2336,9,1,2008-11-17 23:17:49+02:00,4.1752
gZkfOAcqlXw,UCEAAzv2OBqxsSczKJ2QZyGQ,Pushkar Raj Thakur: Stock Market Educator 📈,बच्चे को सिर्फ आराम की जिंदगी देना ही parenting नहीं है। ❤️,397849,17135,131,2026-08-13 14:45:02+03:00,4.1709
_7fM1st54CA,UCXXrF5YWtXm8mWx-dR0KG7A,Secrets of Stock Market,Is share auction profitable? Short Selling Auction #shorts  #investing #stockmarket,1532,11,0,2024-07-13 15:00:53+03:00,4.1608
o9pWNypdjzA,UCe3qdG0A_gr-sEdat5y2twQ,CA Rachana Phadke Ranade,Is the worst over for Gold & Silver? | CA Rachana Ranade,96523,1764,81,2026-07-22 15:59:07+03:00,4.1524
SVXIrmv1nSU,UC02XFdLbgdhnNr8d3Pk3RWQ,HundredsK,"HOW TO SAVE MONEY FAST, EVEN IF YOU’RE BROKE",604,32,4,2025-06-10 01:00:39+03:00,4.1313
c2pXqZEI9ic,UCwVEhEzsjLym_u1he4XWFkg,Finance With Sharan,Malkin x Sharan 2.0 Dropping Soon #shorts,701612,7132,128,2026-08-06 10:01:57+03:00,4.1187
1aIbnZYbZgw,UCQpPo9BNwezg54N9hMFQp6Q,Nischa,"Thankfully, Getting Rich Is This Simple",162182,5327,290,2026-05-10 15:00:04+03:00,4.1075
-qWOYQRBO1s,UCJNvGAjGJd54BoabQEC7RbQ,"Spend Time, Save Money, DIY",The Best Dust Extractor for a Small Workshop,12421,129,23,2025-11-26 09:00:00+03:00,4.1065
NuK1FRWA4Ws,UCXXrF5YWtXm8mWx-dR0KG7A,Secrets of Stock Market,Chapter 05 | NISM Series 8: The Ultimate Guide to Equity Derivatives | Pass in 1st Attempt,3313,59,9,2025-09-14 23:08:31+03:00,4.0901
8ISz4Kg9Gpk,UCOEZmyqPYJzXOdB9QF_pBDA,Katie Tutorials,Secret 1 minute trick and 100% accuracy indicators | Pocket option strategy,357576,6184,209,2024-09-28 17:05:58+03:00,4.0819
GuOMJsz7Zow,UCsdsKZW4OFml3ZOmefkZ6NA,Erika B. I Real Estate Investing & Wealth Building,I Stopped Buying Rentals. Here's What I'm Doing Instead,504,21,3,2026-08-06 07:00:13+03:00,4.0645
NwOr5gdrZBU,UCxmorbDaKl3yM5si8UsDqfg,Money Saving Man,AI Ad Comb vs Reality🪮💇,45677371,289964,2389,2026-06-10 19:25:29+03:00,4.0491
eJgSSFX4r9E,UCe3qdG0A_gr-sEdat5y2twQ,CA Rachana Phadke Ranade,SBI Funds Management Ltd. IPO Summary |Top things you need to know about this IPO |CA Rachana Ranade,100813,1578,71,2026-07-10 14:57:27+03:00,4.0307
t6PRV2GMD3Q,UCkQA8OxvAOFet9IED4qfnHQ,Pinoy.PersonalFinance,How to BUY Your First ETF | PINOY ULTIMATE GUIDE,15624,465,85,2026-05-16 05:00:50+03:00,4.0284
VK23W1q4IzA,UCAm8TlOEXTPq2B04yQ0lDuA,Mission Side Hustle,"I spent $4,800 on Costco Appliance Return Pallets (Worth It?)",53191,1294,111,2026-05-18 21:00:18+03:00,4.0238
C7KWYwMn4s8,UCyKdgkl95vgEawz06gYf7qw,JENNIFER COOK,35 Money-Saving Household Tips (save thousands on variable expenses),76639,2438,215,2024-07-28 19:00:08+03:00,4.0228
fm9ImCsHurc,UCoAuxtwgh8LSHeMFqEwjgHA,Steve Miller,askSlim Market Week 07/02/26 - Analysis of Financial Markets,5099,253,40,2026-07-03 00:43:45+03:00,3.992
pSkk75i6gzE,UC4vFsTSzZyFOrAYQpzEFxcg,Investing Tutorial,NVIDIA STOCK MONDAY ALERT! | What Smart Money Expects Next | NVDA Stock | Stock Market,9172,102,13,2026-07-19 15:04:50+03:00,3.9856
X_RCg2yVkHM,UC3XS0ijFO4BgZTetnJHsJ1g,Stock analysis,Novo Nordisk Q2 2026 - Net Profit Surges,244,3,0,2026-08-04 23:18:46+03:00,3.9855
Ig13W1Uq5Ic,UCB5ZZx-gaW0kNvD2siezozg,Della Debt Payoff,"November 2025 Debt Payoff Journey Update | Consumer Loans, Student Loans & Mortgage (goal met!)",1061,65,8,2025-12-08 18:22:18+03:00,3.9768
4GtCju3l7qg,UCEozExMo0iHN9RSpv1pJbTQ,Stock Market Analysis,"Stock Market Today: AI Stocks Roar Back, Tesla & Google Earnings, Oil Spikes — Full Breakdown",612,7,5,2026-07-22 18:13:19+03:00,3.9703
KGGsJTISv6g,UCr4XXQznhlgfzo4mwOgkF8w,Investing Simplified - Professor G,🚨This Dip Won't Last (Buying These 6 Stocks Now),177582,3882,404,2026-08-11 16:00:21+03:00,3.9689
3nTFI-kroB8,UCjNeF9lzg7hJbQE5OtehFdA,Practical Personal Finance,Secured vs Unsecured Loan,17909,538,23,2021-09-15 00:09:45+03:00,3.9471
Ai4bH8A9qqY,UCEozExMo0iHN9RSpv1pJbTQ,Stock Market Analysis,Understanding the Recent Tech Downturn #marketrotation #shorts,500,2,0,2026-07-18 15:03:20+03:00,3.9318
OjQuKujkVLg,UC6n_zKxpkPFg5H3aaS7wrwQ,John Muscarello,"How To Start Selling On Whatnot For Beginners (Tips, Tricks, and Strategies)",913,27,3,2026-04-24 19:00:49+03:00,3.905
QlnzWp3o-Zw,UC3kVW0gp1De-FK0fQoLRRig,Christina's Side Hustles ,5 Side Hustle Apps That Pay You FAST! Make Money Online,17553,379,30,2025-08-05 17:00:06+03:00,3.8804
dFjvcY9Tth0,UCGy7SkBjcIAgTiwkXEtPnYg,Andrei Jikh,"China Is Preparing For $38,000 Gold",1526666,40795,4247,2026-07-15 23:00:19+03:00,3.8704
mj0WVwEeOXQ,UCkQA8OxvAOFet9IED4qfnHQ,Pinoy.PersonalFinance,The 10-Year Retirement Plan for Filipinos (Beginner Investing Guide),12016,245,46,2026-03-12 12:01:08+03:00,3.8693
Q4khZvy8nzg,UCGzT_Qn6u8Nksu5_8Z46gqQ,Financial Education By Mukul Agrawal,China ki Record Gold Buying ke Baad Bhi Gold Kyu Gir Raha Hai? | Gold Price Prediction 2026,6864,260,10,2026-06-27 16:00:22+03:00,3.8512
yJQIMHr3z2c,UCwVEhEzsjLym_u1he4XWFkg,Finance With Sharan,India vs Abroad: The 3 Signals That Should Decide Your Career Bet | Aviral Bhatnagar | FWS,130491,1532,151,2026-07-23 16:07:50+03:00,3.8428
pPVYRwCeJ1k,UCoAuxtwgh8LSHeMFqEwjgHA,Steve Miller,US Stock Market S&P 500 SPX & NDX - Trader & Investor Outlooks,5437,233,50,2026-08-08 17:00:34+03:00,3.8117
Dfk7oNKW6F8,UCJNvGAjGJd54BoabQEC7RbQ,"Spend Time, Save Money, DIY",Small Workshop? You Need This Up On The Wall!,6641,210,11,2026-06-12 13:00:26+03:00,3.8094
9zeggTFPfiE,UC5fZv7bPcF5j2RsfO-9OiLA,Investor's Business Daily,"Positive Market Shift, But Watch For This; AMZN, GOOGL, CRWD In Focus | Stock Market Today",17783,446,67,2026-08-01 00:35:10+03:00,3.7995
0jBpb6_ezpY,UC4BrnhWo394tjKVhIK1oZ0g,Stock Analyst 2026,Zero to Security: 2026 Mein Ameer Banne Ka Pehla Kadam! 🚀 (Part 1),49,5,1,2026-05-11 15:00:16+03:00,3.7692
tF8zXZj7b4Y,UCA8P3Rgfjn0IFZL4bmrKbrg,Rule #1 Investing,The 7 Deadly Sins Investors Are Committing in 2026,31360,0,0,2026-07-25 16:45:34+03:00,3.7417
RJ8-YcCSfnQ,UCxGoymtTKiZd_SlSI58rVAA,Money Management,SOFI Shareholders: Mark Your Calendars for Jul 29! A Massive Catalyst is Coming! 🚨 $SOFI,1112,28,6,2026-07-26 17:00:28+03:00,3.7278
RaLlpEQv_LA,UCQpPo9BNwezg54N9hMFQp6Q,Nischa,"Once you get money, upgrade these 10 things immediately",624186,17023,445,2026-07-05 14:00:29+03:00,3.7263
tVnOfWW89pA,UCV6KDgJskWaEckne5aPA0aQ,Graham Stephan,I Made Millions In Real Estate…It Wasn’t Worth It.,590473,14714,2334,2026-07-08 23:00:00+03:00,3.7186
Q1HE__Gnkic,UCzOAAJUiSO2uyu1xyxw__2Q,Side Hustle Nation,"How a College Student Landed a 1,500-Store Retail Deal (The $500k Hamster Ball)",63002,32,13,2026-03-23 18:00:00+03:00,3.7149
CRfgJHSunjM,UCUJeArdXioBzUUaSE73RTAw,Abby,"If You Can't Save Money, Watch This (50/30/20 Rule)",155,1,0,2025-08-11 09:35:59+03:00,3.6711
yawxFdilItU,UCSPYNpQ2fHv9HJ-q6MIMaPw,The Financial Diet,What To Do If You're 30 With No Savings,214984,6809,601,2026-07-06 21:00:09+03:00,3.6078
K39839eRCqc,UC3XS0ijFO4BgZTetnJHsJ1g,Stock analysis,Full Stock Market Analysis August 2026,356,2,1,2026-07-26 15:48:51+03:00,3.6032
ijktfl45rX0,UCsdsKZW4OFml3ZOmefkZ6NA,Erika B. I Real Estate Investing & Wealth Building,Subscribe to follow along the journey! #shorts #entrepreneur,1083,24,0,2026-06-20 06:07:48+03:00,3.5944
KOH6JxoUUm4,UCSPYNpQ2fHv9HJ-q6MIMaPw,The Financial Diet,no one is entitled to a child,203478,9015,2782,2026-07-24 23:59:57+03:00,3.5889
pYGe4M3AOm8,UC2zVhoKml5z9cGsiptWxCgA,Casper Capital,3 Jobs Paying College Tuitions! 🎓💸 #save #money #college,720132,16354,107,2026-05-28 23:20:32+03:00,3.5864
T8KaD6PyElY,UCGzT_Qn6u8Nksu5_8Z46gqQ,Financial Education By Mukul Agrawal,₹10 Lakh Se Upar FD? Income Tax Notice Kab Aata Hai? Asli Rule Janiye! #shorts,17548,534,3,2026-07-16 15:25:47+03:00,3.5824
tcUGMKt__-g,UCV6KDgJskWaEckne5aPA0aQ,Graham Stephan,"THE FED JUST RESET THE MARKET - Stocks Hit All-Time-High, Interest Rates Skyrocket!",411102,7622,560,2026-08-10 23:30:32+03:00,3.5757
PhrnUtPnsJg,UCJ3bMRqtGs6_YyI-DFmgIUw,Andrew Giancola,"Broke,Middle class, and rich when it comes to their retirement plan!",5283,125,6,2026-08-02 15:50:01+03:00,3.5684
oSk1xDrgqBY,UCzOAAJUiSO2uyu1xyxw__2Q,Side Hustle Nation,"How He Built $11,000/m Side Hustle By Adding This Ingredient In His Coffee",59275,61,12,2026-06-18 17:00:01+03:00,3.5658
3JwJwT6Ib60,UCT3EznhW_CNFcfOlyDNTLLw,Minority Mindset,The Fed Just Handed You The Best Deal In 15 Years,452142,10929,631,2026-07-08 14:30:28+03:00,3.5538
tYjLIU0xLJA,UCDZVtJo7COyaXFrmTJKnT-w,Richard Dias | IceCap Asset Management,"Canadian Youth; Sold Out For a Cheap Double, Double",15811,672,176,2026-03-15 04:05:44+03:00,3.5413
IoZnGhgWxk4,UCeUyx-u4JxLZyzQiIZODXiQ,Gold&Money Saving Video,❗1 பவுன் நகையை அடகு வைத்தால் எவ்வளவு Amount கிடைக்கும் ❗goldcoinsavingtips🪙#tamil #coin #gold #money,6825,0,8,2026-06-03 08:25:12+03:00,3.5179
o4ObMzdn3QM,UCcygJ-_20B6I1w-Sd-7JsJQ,FIN-LYT by EWA®,How to Know When You’ve Saved Enough,2707,36,2,2025-10-07 17:01:15+03:00,3.5095
MKLuO9Vp4jY,UCcygJ-_20B6I1w-Sd-7JsJQ,FIN-LYT by EWA®,Irrevocable Trusts Made Simple,2657,55,7,2025-11-18 22:00:03+03:00,3.5044
gw4FaTtNgMI,UCDZVtJo7COyaXFrmTJKnT-w,Richard Dias | IceCap Asset Management,Officially NO LONGER in last place 🇨🇦... #canada,15298,121,19,2026-04-16 02:45:03+03:00,3.4937
rLyUU-CCMGo,UCg5knEqLrU_XrrGkKj_8EPA,Tom's Personal Finance,11 Trading 212 App Tips You Need To Know!,30465,699,47,2026-02-18 21:09:06+03:00,3.4727
Y5fkNMmVnUQ,UCZ30vPTrBcY5X0PDg3Pf9Cg,Merriman Market Analyst,"April 22nd, 2026: Ray Merriman Joins to Discuss the New Planetary Era",2020,114,14,2026-04-22 22:57:18+03:00,3.4708
SqYvYpyZlzg,UC3XS0ijFO4BgZTetnJHsJ1g,Stock analysis,TOMRA Q2 2026 - The Value Hunt,303,5,4,2026-07-19 15:02:15+03:00,3.4668
6MXcUELEuV8,UCoAuxtwgh8LSHeMFqEwjgHA,Steve Miller,US Stock Market - S&P 500 SPX | Price Projections & Cycle Timing,5859,212,24,2026-08-01 17:00:27+03:00,3.4127
ThXILyHIEUU,UCcrMuIay5vF7GUbqyB66Onw,Side Hustle Review,That opportunity absolutely exists,1150,34,0,2026-08-02 21:46:31+03:00,3.4094
-g7RYKo8V9Y,UC0jVMGbh5CQgsVAcbF9HZVw,Investor Uday,2 Swing Trading Strategies with 24 ETFs List & Right Mindset,6704,190,38,2026-03-28 15:23:26+03:00,3.4086
gRO9jN_86uk,UC5fZv7bPcF5j2RsfO-9OiLA,Investor's Business Daily,How To Trade Critical Moment For Market As Indexes Shoot Higher: Jim Roppel | Monthly Market Report,16594,443,25,2026-08-04 01:05:34+03:00,3.3988
zSALVGkEDrw,UCXXrF5YWtXm8mWx-dR0KG7A,Secrets of Stock Market,Chapter 01 | NISM Series 8: The Ultimate Guide to Equity Derivatives | Pass in 1st Attempt,9659,201,20,2024-10-24 15:30:51+03:00,3.3903
ydctCSBzyjA,UC5fZv7bPcF5j2RsfO-9OiLA,Investor's Business Daily,"Nasdaq Breaks Out, S&P Hits High As Rally Strengthens: ASML, APMD, FDX In Focus | Stock Market Today",6430,227,26,2026-08-13 23:54:40+03:00,3.387
GHpp0Ng3b5c,UCZl9ry5ew_2YeCQ6ECk8sxA,Easy Peasy Finance,THIS Money Had So Many Zeros They Removed Them!,1019,11,0,2026-06-28 16:00:10+03:00,3.3826
FbbDwN7UWaU,UCoAuxtwgh8LSHeMFqEwjgHA,Steve Miller,US Stock Market - S&P 500 SPY ETF | Price Projections & Multiple Time Frame Analysis,4900,182,16,2026-07-03 20:00:01+03:00,3.3807
6fyV61_9YbQ,UCUvvj5lwue7PspotMDjk5UA,Meet Kevin,The Secret Reason Why Google Stopped Stock BuyBacks,123026,1221,55,2026-07-29 19:00:20+03:00,3.3743
2OypSQGOTIM,UCJ3bMRqtGs6_YyI-DFmgIUw,Andrew Giancola,The best states to retire to (FINANCIALLY),5093,22,4,2026-07-26 15:38:41+03:00,3.3597
52Kcs-vpMNA,UCxGoymtTKiZd_SlSI58rVAA,Money Management,SOFI stock: Why SOFI is Set to Explode: The Full Technical Breakdown!,1330,36,9,2026-06-24 17:00:14+03:00,3.351
CVegDAawxaw,UC2Zg12phLyX1KTnH6D47d9g,Invest with Henry,24 Year Old Billionaire Investor Bet BIG on these 5 AI Stocks (should you follow?),87650,2419,148,2026-06-15 20:48:07+03:00,3.347
d0Zmc8HW5g4,UCzOAAJUiSO2uyu1xyxw__2Q,Side Hustle Nation,How a Tiny Email List Built a 7-Figure Business (Real Growth Hacks),52144,16,0,2026-07-10 16:00:20+03:00,3.3457
v8Mz9xAtYNw,UC94m18wtI9QAYrXKXqFPWDg,Ben Mallah,I listed my house for $35M #realestate #lifestyle,957169,17034,703,2025-11-21 17:03:02+03:00,3.3396
o_K0FAtSiHk,UCGzT_Qn6u8Nksu5_8Z46gqQ,Financial Education By Mukul Agrawal,South Korea Market Crash 2026 | 44% Crash का असली कारण | Global Stock Market Crash की शुरुआत?,9587,684,30,2026-08-09 16:00:36+03:00,3.3323
hM9ps-PVNMI,UCJNvGAjGJd54BoabQEC7RbQ,"Spend Time, Save Money, DIY",Confirmat screws. Best way to screw mdf together. #diy #woodworking,15237,141,9,2026-01-16 10:26:37+03:00,3.3306
91Djqk6AKBc,UCXzSlkirH197OYJt20qZqvQ,Finance & U,How are gold prices calculated in India?,21778,231,5,2025-12-14 16:21:22+03:00,3.3215
52UtjwUONog,UCoAuxtwgh8LSHeMFqEwjgHA,Steve Miller,askSlim Market Week 06/26/26 - Analysis of Financial Markets,5965,275,31,2026-06-26 20:22:39+03:00,3.3171
JHRTsC94KRA,UCkQA8OxvAOFet9IED4qfnHQ,Pinoy.PersonalFinance,Stop Being Broke: Money Traps Every Filipino Needs to Avoid,27591,1007,16,2025-12-15 13:00:30+03:00,3.2967
TzuvZLuXzAE,UCV6KDgJskWaEckne5aPA0aQ,Graham Stephan,"""I Just Sold Everything” - WTF Happened To Bitcoin?!",454107,9912,1944,2026-06-30 00:00:26+03:00,3.2858
BJlicU0CnmE,UCxGoymtTKiZd_SlSI58rVAA,Money Management,MMTLP: New SEC Filings And NBH Spinoff Update! You Have to Know This!,1066,71,25,2026-07-19 17:00:28+03:00,3.283
ijLYgazFJIo,UCzXulFzu0dPeW05RroAWeZA,Make Saving - Make Saving Money Easy,Top 5 Key Money-Saving Benefits of the Internet!,36,1,0,2016-07-29 16:35:27+03:00,3.2727
jkvpxbEDFUc,UChObmEJP3bgGUXJGc2ePP3Q,Our Rich Journey,Trump and Venezuela: Is the Stock Market About to Crash—and Should You Do Something Right Now?,47904,1872,132,2026-01-03 22:00:46+03:00,3.2521
PU_fXiBw2CA,UCoAuxtwgh8LSHeMFqEwjgHA,Steve Miller,US Stock Market - S&P 500 SPY | Price Projections & Cycle Timing,5496,233,28,2026-06-27 16:00:13+03:00,3.2378
pCt4tH4ANA0,UCzomXQvDl2UblYIjBoFR8aw,Ken McElroy,Why I'm Buying Apartments Right Now,12515,370,12,2026-07-20 01:03:05+03:00,3.222
ssebTe-_Jts,UCr4XXQznhlgfzo4mwOgkF8w,Investing Simplified - Professor G,"$300,000 is ALL YOU NEED to live off dividends FOREVER (Actual funds & amounts revealed!)",412370,9929,1003,2026-05-05 16:01:41+03:00,3.2015
z8Ja-YoWC5s,UCywF5mejRy9HmTgJYxx_9sg,2 MIN MONEY MANAGEMENT (2MMM),6 WAYS to FINANCIAL FREEDOM | 2 Minutes Money Management | Chandaan Savant |,903,194,4,2020-08-17 05:30:03+03:00,3.2007
gYo9AJn43wI,UC02XFdLbgdhnNr8d3Pk3RWQ,HundredsK,8 MONEY HABITS WEALTHY PEOPLE DO QUIETLY (MOST PEOPLE NEVER NOTICE),420,13,0,2026-01-28 02:00:50+03:00,3.1866
zJZTJAMUkP0,UCV6KDgJskWaEckne5aPA0aQ,Graham Stephan,BREAKING: The FED Cancels ALL Rate Cuts - Market Selloff Has Begun!,392404,11107,952,2026-06-17 23:00:06+03:00,3.1799
yxYdJuNAD-E,UCkQA8OxvAOFet9IED4qfnHQ,Pinoy.PersonalFinance,S&P 500 Explained: Everything Pinoy Investors Need to Know,32069,941,134,2025-09-17 12:01:29+03:00,3.1443
OFWJVkgz5AY,UCQpPo9BNwezg54N9hMFQp6Q,Nischa,19 Micro Habits Proven By Science to Change Your Life,218186,8017,380,2026-08-02 15:00:34+03:00,3.1424
-AVFpzAfjW0,UCzOAAJUiSO2uyu1xyxw__2Q,Side Hustle Nation,The High-Paying Remote Skill Nobody Talks About!,53634,71,3,2026-07-18 16:00:19+03:00,3.1187
EUh6j8qI3-k,UC4vFsTSzZyFOrAYQpzEFxcg,Investing Tutorial,NVDA Stock Prediction: Analyzing the New Nvidia Price Target Before Earnings Day | Nvidia Stock,11923,176,13,2026-08-08 19:42:31+03:00,3.1173
IOZvzAur-SI,UCJNvGAjGJd54BoabQEC7RbQ,"Spend Time, Save Money, DIY",How to scribe skirting boards or baseboards #skirtingboard #baseboard #diy #diyinspiration #diytip,85676,781,50,2026-05-21 11:16:46+03:00,3.1134
5Fz9_KGZHp0,UC4vFsTSzZyFOrAYQpzEFxcg,Investing Tutorial,Nvidia Stock Prediction: Why Wall Street Analysts Are Extremely Bullish on NVDA Right Now | Nvidia,5484,88,16,2026-08-01 15:31:56+03:00,3.0957
nKHzfQd4lOo,UCFCEuCsyWP0YkP3CZ3Mr01Q,The Plain Bagel,Investment Analyst Reacts to Finance TikToks - Holiday Special 2024,439527,15650,837,2024-12-28 04:01:24+03:00,3.0867
uGnilcOjGJg,UCD0OVuUSqLZYQjFTU2ytjRg,BillSavings,Best St. Patrick's Day Party Ideas on a Budget | BillSavings.com | BSPtv-Eps12,1178,4,0,2009-03-09 23:40:08+02:00,3.0613
V5iE4Y82aGA,UCXXrF5YWtXm8mWx-dR0KG7A,Secrets of Stock Market,What happened to Indians in British prisons? (Not shown in books) #shorts #shortvideo,177,1,0,2026-06-14 06:37:11+03:00,3.0517
mUUiEcTY1So,UCSPYNpQ2fHv9HJ-q6MIMaPw,The Financial Diet,I Saved Six Figures While Making Less Than $50K Per Year,185394,5803,665,2026-06-26 22:30:36+03:00,3.0479
DFREBr53NTw,UCFBpVaKCC0ajGps1vf0AgBg,Humphrey Yang,"What Changes at $1M, $2M, and $5M Retirement?",308447,3769,1033,2026-07-30 21:00:19+03:00,3.0468
KmctLXCZnHE,UCSPYNpQ2fHv9HJ-q6MIMaPw,The Financial Diet,9 Things You Must Do If You Grew Up Poor,78401,3247,480,2026-08-10 20:05:13+03:00,3.0338
P3Vbp0u74JA,UCg5knEqLrU_XrrGkKj_8EPA,Tom's Personal Finance,The Best ETFs for UK Investors (Long Term Investing),15518,487,63,2025-07-27 21:49:45+03:00,3.0284
0DFPb30zxg0,UCyBWmsr_ONhzUK-pwjTTbWw,DebtEfficiencyMethod,Stop Paying Extra on Your Cards Until You Hear This,1256,5,0,2026-07-25 01:42:22+03:00,3.028
BWX-VRssu40,UCbrzodypxhc9_cOg5kqre6Q,Atul Patel ,How much Returns i made in 4 years || Longterm Smallcase Portfolio ,16131,471,37,2026-08-09 15:16:24+03:00,3.023
Zi4NDQaRPow,UCzOAAJUiSO2uyu1xyxw__2Q,Side Hustle Nation,"She Bought A ""Boring Business""... It Almost Ruined Her Life",43763,16,0,2026-07-27 18:00:38+03:00,3.0217
S9InNdQhFwc,UCDXTQ8nWmx_EhZ2v-kp7QxA,Ben Felix,Using Your Money To Be Happier,785702,26974,1278,2026-05-03 13:00:00+03:00,3.0003
1LbJV-djTRo,UCOEZmyqPYJzXOdB9QF_pBDA,Katie Tutorials,"I Earned $15,413 in 6 Minutes | Amazing Pocket Option Strategy",236776,4872,226,2024-12-07 17:26:02+03:00,2.9959
V1hW3DH69pw,UCV6KDgJskWaEckne5aPA0aQ,Graham Stephan,"The Best Free Money ""Hack""",288234,4442,151,2026-08-01 20:45:09+03:00,2.987
ky3ZUweEzoo,UCQA7GqioB626J6GTUKoRzew,Covered Call ETF Investing,"How Margin Can Help You Get To $1,000,000 Faster Safely",8051,333,65,2026-08-05 23:04:49+03:00,2.9815
wN8zt7ScrbY,UCSPYNpQ2fHv9HJ-q6MIMaPw,The Financial Diet,maybe it's neurodivergence. maybe you're just not very nice.,132613,4993,1901,2026-08-02 19:14:32+03:00,2.9811
mN4DGhb1WaU,UCSvdGqBMo6qY5T-KCOUUNIA,Maria's Budgeting,April 2026 Budget | Cash Envelope and Sinking Fund Stuffing | Paycheck 1 | 26 Year Old Budgeter,2979,159,10,2026-04-26 20:57:50+03:00,2.9808
ojf1mVA4tEA,UCeWdmc6Bsn4OSSBfMdgErDQ,Personal finance For beginners,25 Money Habits That Keep You POOR (Break These Now!),25,1,0,2026-07-18 18:01:23+03:00,2.9762
En502eKrl_A,UCuWUqge06kLz4EqWvQScAeg,Budget with Himani,Weekly 40 Week challenge,11932,229,5,2025-02-26 18:43:49+03:00,2.9721
xu5SAC3G8Ag,UCQA7GqioB626J6GTUKoRzew,Covered Call ETF Investing,"$432,356 ETF Portfolio With $8,272 Monthly Passive Dividends",5766,252,32,2026-07-05 19:00:06+03:00,2.9657
5buzbhg2m1M,UC1XRSWmlx6pP00Aipfm7Agw,Stock analysis and Tutorial,ठुला लगानीकर्ताले बजार कसरी घुमाउँछन्? Volume Analysis को गोप्य रहस्य,814,26,0,2025-12-25 12:36:05+03:00,2.9643
fGDs3whcwoI,UCuCL2wCePWeblnWDnNjoy-g,Principles Personal Finance,WHEN to Retire with a Defined Benefit Pension (What Most People Miss!),108330,1936,380,2025-06-10 19:30:22+03:00,2.9595
o5HIfbIwfjI,UCJ3bMRqtGs6_YyI-DFmgIUw,Andrew Giancola,Why a Mini Retirement Can Change Your Life,2549,39,4,2026-08-10 12:00:12+03:00,2.9532
Z_0AwKpFyTM,UCxGoymtTKiZd_SlSI58rVAA,Money Management,NIO: Don’t Buy NIO Stock Until This Pattern Reveals Itself! Save Your Money Before It’s Too Late!,797,45,0,2026-07-08 17:00:32+03:00,2.9453
7E_usoeKu4k,UCyKdgkl95vgEawz06gYf7qw,JENNIFER COOK,I GOT SCAMMED!!! Beware of this Money Phone Scam (story time),54411,2780,535,2025-03-22 16:30:04+03:00,2.9256
mqYbodrTpSc,UCMw07uiVxGULqePlrOZnx9A,Personal Finance with Leila - Debt Over It,how much people make | salary transparency,45212,1047,377,2026-05-28 19:34:47+03:00,2.9226
09WFIfYb2-8,UCg5knEqLrU_XrrGkKj_8EPA,Tom's Personal Finance,Cash ISA Cut? Where Can We Park Cash Instead?,17861,432,82,2025-07-04 17:00:03+03:00,2.9219
-O4Pfy15iCk,UCyBWmsr_ONhzUK-pwjTTbWw,DebtEfficiencyMethod,The One Number That Tells You Which Card to Pay Off First,1358,5,4,2026-08-10 01:48:54+03:00,2.9204
liSUv7RBZ_I,UCMw07uiVxGULqePlrOZnx9A,Personal Finance with Leila - Debt Over It,"Fidelity: How to transfer funds, invest, auto-invest, reinvest dividends, lock your account and more",24202,1099,51,2026-08-09 19:10:46+03:00,2.9049
F9oBZ4h6fPU,UCFBpVaKCC0ajGps1vf0AgBg,Humphrey Yang,Here Are The 4 Tiers of Wealth (Do You Agree?),332888,5762,426,2026-07-04 18:00:32+03:00,2.8996
zYNYFMF9FZo,UCC_3C1KOVqQpPNStlnsFivw,Personal Finance Circle ,"If You're Investing In Stocks, These Are 7 Mistakes Costing You Money",868,78,36,2026-07-22 23:00:26+03:00,2.8982
QNFLN6IvB88,UCOHxDwCcOzBaLkeTazanwcw,Bravos Research,An Opportunity Like This Won't Come Again.,391539,6535,58,2026-07-23 23:39:27+03:00,2.8963
THmJ4UFgLDE,UCzOAAJUiSO2uyu1xyxw__2Q,Side Hustle Nation,24 Years of Side Hustle Advice in 39 Minutes,64688,97,19,2026-04-08 17:00:00+03:00,2.8954
rfQbKXBRONw,UCJ3bMRqtGs6_YyI-DFmgIUw,Andrew Giancola,How much you need to invest per month by age to get to $2 Million in retirement!,3084,90,5,2026-08-09 15:30:52+03:00,2.882
i3AM5tCoIN4,UCWadGv7GpSiaDVwUh6JuI3A,Jeet Crypto,Want to settle in Dubai ?,61190,1352,8,2026-07-05 10:54:15+03:00,2.8766
Lhq0aDv9kgQ,UCUvvj5lwue7PspotMDjk5UA,Meet Kevin,The END of Cardone Capital: Massive Class Action Lawsuit [Testimony],169233,4033,592,2026-08-04 04:29:29+03:00,2.8696
MOxw9mBoWrw,UC2zVhoKml5z9cGsiptWxCgA,Casper Capital,Hotels Secret Savings Hack! 🏨 🤑 #save #money #traveltips,395266,13830,57,2026-06-08 04:34:39+03:00,2.8647
jD5l_RDXynY,UCSPYNpQ2fHv9HJ-q6MIMaPw,The Financial Diet,IVF and the Fertility Industry,160842,7188,627,2026-07-13 18:52:14+03:00,2.8478
leH27qwo7tw,UCxGoymtTKiZd_SlSI58rVAA,Money Management,BABA: We Are Close to a Trend Shift... But One Thing Is Missing!,1077,26,1,2026-06-27 17:00:22+03:00,2.8454
bwY4Vx5iA4M,UCSvdGqBMo6qY5T-KCOUUNIA,Maria's Budgeting,February 2026 Budget | Cash Envelope and Sinking Fund Stuffing | Paycheck 2 | 26 Year Old Budgeter,3739,195,22,2026-03-16 17:56:33+03:00,2.8453
SDKe7MVNkUk,UC4_aeHO9Et1h3rEpQAtMAPw,Bradley on a Budget,This is why I’m still single,1047828,35947,1270,2026-07-04 18:58:26+03:00,2.8429
XKPmtbCmkE4,UCkcnYVAVZQOB-nXHechtXDg,Benjamin,Legendary Wallstreetbets YOLOs | Tier List,2585193,72414,1709,2021-02-03 13:13:42+03:00,2.8309
vs2TBX6bJQo,UCe3qdG0A_gr-sEdat5y2twQ,CA Rachana Phadke Ranade,Ramayana movie | Ranbir Kapoor's Smart Investment | CA Rachana Ranade | #shorts,64933,1184,39,2026-08-01 16:26:24+03:00,2.8101
vAaXYtxp8X4,UCxmorbDaKl3yM5si8UsDqfg,Money Saving Man,Baby Bath Bomb 👶🏻✨🛁,55351134,436428,579,2026-04-17 19:53:04+03:00,2.8048
KQI3dSZEeMI,UCsdsKZW4OFml3ZOmefkZ6NA,Erika B. I Real Estate Investing & Wealth Building,"Saving is not enough, use your 401k to create another income stream!",410,21,10,2026-07-06 20:09:11+03:00,2.8044
Ka3TM2PDn90,UCc4xrZAgAc_e5lPsfqqYAgg,MoneyPop Basics,Try This Before Buying Anything #shorts,418,11,1,2026-05-05 14:00:41+03:00,2.7979
EKjSpdBqu4s,UCSPYNpQ2fHv9HJ-q6MIMaPw,The Financial Diet,Missing the Point on TSwift,210578,16448,853,2026-06-29 00:41:07+03:00,2.7972
NA85pkHOBwE,UCbrzodypxhc9_cOg5kqre6Q,Atul Patel ,📊 Stock Trading Strategy : 90% Accuracy?,26627,1088,87,2026-04-05 07:10:52+03:00,2.7965
7gUyinDngrQ,UC3XS0ijFO4BgZTetnJHsJ1g,Stock analysis,Tesla Q2 2026 - Overpriced or a Great Opportunity?,365,2,0,2026-07-23 09:29:32+03:00,2.7927
XWo6BSwgSLI,UCOEZmyqPYJzXOdB9QF_pBDA,Katie Tutorials,"$37,103 in 7 minutes | Best Pocket Option Trading Strategy",202139,3293,188,2025-05-10 17:52:35+03:00,2.7889
l0KBY-xJMZc,UCZl9ry5ew_2YeCQ6ECk8sxA,Easy Peasy Finance,The Emergency Fund Trick Most People Miss,1251,9,0,2026-08-10 16:00:21+03:00,2.7883
9I6Pk7WvzZI,UCg5knEqLrU_XrrGkKj_8EPA,Tom's Personal Finance,5 Trading 212 Pie Mistakes That Are Costing You Money,13378,416,53,2026-03-28 11:00:07+03:00,2.7841
yzmNb562c00,UCJwAhdKW7VUAqqkyU3YMiCA,Financial Education,WHY DO BIG BANKS EARN SO MUCH??🤔💸💸,8,0,0,2023-08-14 23:11:47+03:00,2.7826
qW2QwnAz9pM,UCJ3bMRqtGs6_YyI-DFmgIUw,Andrew Giancola,Broke VS. Wealthy When Buying a Car!,5316,201,5,2026-07-11 21:37:00+03:00,2.7815
Ub1vY8UCQAU,UCubrLBIOAbNoPBwKtd_KI8g,ETF Investments,SPY or SPYM? 🧐 #finance #investing #stocks #etfs,4291,52,4,2026-01-21 19:41:10+03:00,2.7763
wQ6cEeDK_Ts,UCDZVtJo7COyaXFrmTJKnT-w,Richard Dias | IceCap Asset Management,Canada's Labour Market Cracks! | IceCap Canadian Market Wrap Episode 74,8146,292,76,2026-02-13 01:30:24+03:00,2.7704
8hoRlpxl1Ck,UCuWUqge06kLz4EqWvQScAeg,Budget with Himani,Feb Cash Stuffing #cashstuffing #shorts,11736,206,5,2024-02-24 11:52:00+03:00,2.7684
qT-gBg08bMI,UCUvvj5lwue7PspotMDjk5UA,Meet Kevin,I Can't Believe Elon Musk Did THIS  to Tesla Shareholders,157578,1941,99,2026-08-11 21:42:53+03:00,2.7647
B8wXhLdF2m0,UCyBWmsr_ONhzUK-pwjTTbWw,DebtEfficiencyMethod,"How I Paid Off $160,000 in Debt With No Budget Changes",1262,9,7,2026-08-13 02:19:36+03:00,2.7627
j4H9LL7A-nQ,UCDXTQ8nWmx_EhZ2v-kp7QxA,Ben Felix,Renting vs. Buying a Home: What People Get Wrong,897468,27948,5669,2025-05-11 15:01:13+03:00,2.7626
u5gp159fStA,UC1XRSWmlx6pP00Aipfm7Agw,Stock analysis and Tutorial,NEPSE मा Moving Average को चमत्कार | MA Trading Strategy,846,26,3,2025-12-23 13:13:27+03:00,2.7617
iSx54KDYgQs,UCEAAzv2OBqxsSczKJ2QZyGQ,Pushkar Raj Thakur: Stock Market Educator 📈,Is Sonam Wangchuk really a Fraud?,731398,39491,980,2026-07-17 12:00:20+03:00,2.7564
j5utn0F_Vvs,UCwVEhEzsjLym_u1he4XWFkg,Finance With Sharan,"The Ultimate Indian TAX-SAVING MASTERCLASS: Salary, Business & Investments | Nitesh Buddhadev | FWS",128375,1726,145,2026-07-26 09:30:30+03:00,2.7513
hJ5LqVBSky0,UCoAuxtwgh8LSHeMFqEwjgHA,Steve Miller,Stock Market Big Picture Analysis - 2026 Mid-Year Analysis and Long Term Projections,5901,305,43,2026-07-13 21:39:25+03:00,2.7504
DsqK41WkF7I,UCT3EznhW_CNFcfOlyDNTLLw,Minority Mindset,The SpaceX IPO Is About To Flip Your 401k - Most People Are Not Ready,396080,10366,1271,2026-06-09 14:30:02+03:00,2.7473
Px0Fh2bbkPM,UCN-Enh5DrQ9SZRnyKqC4zBA,Finance Explained 2026,"Student Loans Explained: The 2026 Crisis, Repayment Overhaul, and What Every Borrower Must Know",32,0,2,2026-05-01 16:09:53+03:00,2.7429
mMhccvJILI8,UCxGoymtTKiZd_SlSI58rVAA,Money Management,BABA Stock: Key Levels & Price Targets for the Next 2 Weeks,765,19,2,2026-06-17 17:00:03+03:00,2.7419
-Fa1nnIHmEs,UCsp5qFT7WU8FQUwlLSKotWw,Personal Finance by Chandu,Day 17/30 | Gold కొనడానికి ఇదే Best స్కీమ్ ah? Electronic Gold receipt is better than SGB?,4353,71,4,2026-05-16 18:05:57+03:00,2.7343
cVfCMAeNZYM,UChiJI6aZx9XflzWBg98p6TA,Tanisha Garg,Believe. Commit. Win. ❤️🔥,24595,1013,36,2026-07-27 16:11:11+03:00,2.7325
trtG2cVcv4I,UCUJeArdXioBzUUaSE73RTAw,Abby,How to Pay Off Credit Card Debt Fast in 2025 #DebtFree2025 #creditcarddebtfree,145,1,0,2025-09-12 19:59:42+03:00,2.7301
VQFRKn-nw6o,UCJ3bMRqtGs6_YyI-DFmgIUw,Andrew Giancola,Ranking Long Term Investments 1-10!,5979,132,4,2026-07-20 15:27:14+03:00,2.7171
MVHRwubq7rk,UC0jVMGbh5CQgsVAcbF9HZVw,Investor Uday,ETFs Swing Trading Strategy | Grid Value Trading on RSI,3078,99,7,2026-07-16 18:12:58+03:00,2.7167
RvUVQcDVc1Q,UCQpPo9BNwezg54N9hMFQp6Q,Nischa,"If I started investing in August 2026, this is what I'd buy",494627,9990,761,2026-07-12 15:00:36+03:00,2.709
B7EFodI9hO4,UCsp5qFT7WU8FQUwlLSKotWw,Personal Finance by Chandu,IT Engineers Best Financial Planning: How to Minimize Expenses & Maximize Investments! 💻💰,5130,89,11,2026-07-25 08:00:11+03:00,2.7031
_D4Xwpa4trE,UCFCEuCsyWP0YkP3CZ3Mr01Q,The Plain Bagel,Investment Analyst Reacts to Finance TikToks - Bonus Edition,750505,18969,1315,2025-10-10 19:01:11+03:00,2.7019
Y5fmJTop8bw,UC3kVW0gp1De-FK0fQoLRRig,Christina's Side Hustles ,6 Side Hustles for Introverts (Make Money Online),9729,363,19,2025-11-11 19:01:01+03:00,2.6903
LhWZcnsnWBQ,UCOHxDwCcOzBaLkeTazanwcw,Bravos Research,There's 3 Months Left.,607856,12107,71,2025-12-01 20:30:01+03:00,2.69
FMOt2R3k_9w,UCT3EznhW_CNFcfOlyDNTLLw,Minority Mindset,Is Bitcoin Going To 0? (What They Won't Tell You),319339,7363,1331,2026-07-15 14:30:26+03:00,2.6805
xOAnvshLaLA,UCB5ZZx-gaW0kNvD2siezozg,Della Debt Payoff,"March 2026 Debt Payoff Update! (We paid off a loan!) | Consumer Loans, Student Loans & Mortgage ",1170,78,19,2026-04-10 22:57:02+03:00,2.6789
3wGq0E-IILI,UCEAAzv2OBqxsSczKJ2QZyGQ,Pushkar Raj Thakur: Stock Market Educator 📈,How ₹10K Monthly SIP Can Build Massive Wealth for Your Child,749448,18583,513,2026-07-20 13:36:41+03:00,2.677
cTCd_V0tLyA,UCsp5qFT7WU8FQUwlLSKotWw,Personal Finance by Chandu,40 ఏళ్లకే రిటైర్మెంట్ కి రెడీ నేను! Retirement Planning,4247,45,18,2026-06-07 10:44:52+03:00,2.6701
2etzeVsL1PY,UCsnckBfojVHFgxOLQ__NXGQ,Money Guide,How to build SAVING habits| kids finance story ,4,0,0,2026-03-28 10:59:00+03:00,2.6667
zvwFZTTAKPw,UC1XRSWmlx6pP00Aipfm7Agw,Stock analysis and Tutorial,निशुल्क शेयर बजार शिक्षा Day 1: Nepse Introduction By Balchandra Pariyar,1343,49,4,2026-02-16 18:26:37+03:00,2.6573
EaKbjbY2GeM,UCSvdGqBMo6qY5T-KCOUUNIA,Maria's Budgeting,June 2026 Budget | Cash Envelope and Sinking Fund Stuffing | Paycheck 2 | 26 Year Old Budgeter,1032,82,4,2026-08-05 17:23:21+03:00,2.655
HNVg81nA2J8,UCQpPo9BNwezg54N9hMFQp6Q,Nischa,Why I'm changing how I invest (before it's too late),549626,12388,1057,2026-06-14 14:00:08+03:00,2.6427
ny8LkTBxgHc,UCr4XXQznhlgfzo4mwOgkF8w,Investing Simplified - Professor G,🚨MAJOR BUY: Best Quantum Computing ETF on the Planet 📈,353714,7658,460,2026-05-11 16:01:35+03:00,2.6389
kawDPv9TWvw,UCH9HlTrjyLmLRS0iE1P4rrg,Money Rules - Investing Tips ,How Much Ripple XRP Do You Need To Be Part Of The Rich List 1% Of Holders On Earth,41748,2783,342,2026-07-21 15:01:32+03:00,2.6366
9gVog-nx-sU,UCDZVtJo7COyaXFrmTJKnT-w,Richard Dias | IceCap Asset Management,"Canada's 2025 Budget; The Good, The Bad & The Ugly | IceCap Canadian Market Wrap Episode 62",9791,424,84,2025-11-07 01:00:08+03:00,2.6245
eSSa1suLnuw,UCA8P3Rgfjn0IFZL4bmrKbrg,Rule #1 Investing,Is this the Downfall of Berkshire Hathaway?,43999,1131,164,2026-06-02 16:30:04+03:00,2.6236
PDYogBSVhOA,UCubrLBIOAbNoPBwKtd_KI8g,ETF Investments,We’re still early 🤝,4244,5,0,2026-01-13 01:50:44+03:00,2.623
pm4DA6h_ncI,UCQA7GqioB626J6GTUKoRzew,Covered Call ETF Investing,"Retiring On $427,000 At 36 For Forever FIRE",9809,451,98,2026-02-07 20:03:06+03:00,2.6132
vmaddo3je-M,UCMw07uiVxGULqePlrOZnx9A,Personal Finance with Leila - Debt Over It,People's Biggest Money Regrets,34658,1035,149,2026-06-25 17:00:04+03:00,2.6033
ca52L7n97bU,UCXVLLaHBapDimnNzS1wx2qw,Break Into CRE,Real Estate is Changing in 2026 [Here's Why],7839,213,13,2025-12-23 15:30:53+03:00,2.6011
u5GHxMSfDQE,UCuCL2wCePWeblnWDnNjoy-g,Principles Personal Finance,The Government's Plan To Control Your Pension Savings,18789,632,165,2026-04-15 20:01:18+03:00,2.5989
sW7dy6CsBy4,UCwVEhEzsjLym_u1he4XWFkg,Finance With Sharan,Goa Hostel Business: Dream or Disaster? ft. Malkin #shorts,507717,7468,117,2026-08-08 08:30:10+03:00,2.5934
O-2SdKTvCzc,UCWadGv7GpSiaDVwUh6JuI3A,Jeet Crypto,Why should i pay tax ?,41740,1022,27,2026-07-12 15:46:44+03:00,2.5928
tFVfevPCSRI,UC94m18wtI9QAYrXKXqFPWDg,Ben Mallah,A Day in the Life of a $500M Landlord,385425,9586,553,2026-07-17 02:29:28+03:00,2.5913
qhXLknSSWcA,UC2zVhoKml5z9cGsiptWxCgA,Casper Capital,Amazon Secret Discount Hack!#savingmoneytips #shoppinghacks #amazon,402546,17648,118,2026-06-26 04:05:10+03:00,2.5907
WGB3q0DJAGM,UCE_3rY0X_RdY3R0rwBFG5hw,For The Love of Budgeting   F.L.O.B,I COMPLETED My 10k CHALLENGE! 💚🩷💚🩷,1145,178,104,2026-08-11 07:00:37+03:00,2.5868
EVIeOZNELN0,UCoAuxtwgh8LSHeMFqEwjgHA,Steve Miller,US Stock Market - S&P 500 RSP & Nasdaq NDX | Price Projections & Timing | Cycle & Chart Analysis,7890,381,39,2026-07-25 17:00:19+03:00,2.586
ckWAgvCToko,UCemb1I8KV45MbWokk-Z_GSw,Rochit - SEBI RA,"Best Stocks & ETFs for Gold, Silver, Copper & Aluminum in 2026 by SEBI RA",12612,498,1,2026-06-02 16:15:20+03:00,2.5842
VGoRm7chkO8,UCcygJ-_20B6I1w-Sd-7JsJQ,FIN-LYT by EWA®,Family Governance: Preserving Wealth Across Generations,996,28,1,2026-04-14 17:00:50+03:00,2.583
Nw4rccjkctY,UCdqYxe31nwmfDdlnpLsYRiQ,Personal Finance TV,AI Data Centre Water Usage Is Destroying India's Already Scarce Water Supply,18818,314,54,2026-06-18 08:37:23+03:00,2.5807
-nPon8Ad_Ug,UCDXTQ8nWmx_EhZ2v-kp7QxA,Ben Felix,The Most Controversial Paper in Finance,919680,21322,1792,2025-03-30 15:00:01+03:00,2.5741
LGtG2LOAEVI,UC2zVhoKml5z9cGsiptWxCgA,Casper Capital,Beneficiaries Explained! 💰 #money #finance #financetips,543751,12503,120,2026-05-30 18:40:43+03:00,2.5729
tkK9haf8gOo,UCzOAAJUiSO2uyu1xyxw__2Q,Side Hustle Nation,3 Bizarre Side Hustles That Actually Scale (feat. Jason VanDevere),57031,42,20,2026-04-13 19:00:00+03:00,2.5685
mJBg2o_21Qk,UC1XRSWmlx6pP00Aipfm7Agw,Stock analysis and Tutorial,निशुल्क शेयर बजार शिक्षा |Day 2:  Candlestick Patterns  | Share Market Nepal By Balchandra Pariyar,1374,52,6,2026-02-17 18:47:34+03:00,2.5563
t4IUEQsvTfw,UC4vFsTSzZyFOrAYQpzEFxcg,Investing Tutorial,Stock Market Analysis: Why Analysts Are Raising NVDA Price Targets After $500B Deal | Nvidia Stock,9295,128,18,2026-08-11 21:00:20+03:00,2.5542
IkFzhGyChHg,UC3kVW0gp1De-FK0fQoLRRig,Christina's Side Hustles ,I Tried Making Money Walking...Macadam.app Honest Review,32782,709,89,2025-04-05 15:30:16+03:00,2.5351
u8ft89jVO74,UC0LQqb2IIPnK5PHGbGs9QIw,Money Managers,My Experience Buying and Selling Stocks/Shares in Botswana,4046,185,41,2024-02-23 20:18:30+03:00,2.5305
NKO2mKYT4G4,UChObmEJP3bgGUXJGc2ePP3Q,Our Rich Journey,🚨 STOCKS ARE CRASHING… Here’s Exactly What We’re Doing With Our Money Right Now!!!,46144,2253,92,2026-03-27 01:15:00+03:00,2.515
zWO2kJpwoGw,UCzomXQvDl2UblYIjBoFR8aw,Ken McElroy,The Commercial Real Estate Crash Is Creating Once-in-a-Decade Deals,11036,254,19,2026-08-11 22:39:43+03:00,2.5148
4KheDqLROdA,UCjNeF9lzg7hJbQE5OtehFdA,Practical Personal Finance,How To Rent an Apartment,39367,1472,44,2021-09-03 00:38:44+03:00,2.5142
cXynn5HaxYw,UCUvvj5lwue7PspotMDjk5UA,Meet Kevin,Elon Musk Is INTENTIONALLY Crashing Tesla Stock!,142507,1991,138,2026-08-11 00:20:55+03:00,2.5141
2Ocqtsw_B78,UCkQA8OxvAOFet9IED4qfnHQ,Pinoy.PersonalFinance,5 Asset Classes Explained: Saan Dapat Mag-Invest ang Filipino Investor?,13942,303,29,2026-07-30 11:00:02+03:00,2.5069
oBGe5brOCqo,UCT3EznhW_CNFcfOlyDNTLLw,Minority Mindset,"Trump's New Fed Chair Just Crushed Gold, Silver, Bitcoin",317209,7781,704,2026-06-30 14:30:08+03:00,2.5066
ozXYYFBzH3s,UCJ3bMRqtGs6_YyI-DFmgIUw,Andrew Giancola,Money habits and how much they build wealth!,6148,157,2,2026-07-09 16:14:21+03:00,2.5062
3qWkrWQVydg,UCJOEdSichqfXiNO_eyhFqBw,OneUpSavings,Revolve discount codes and more with OneUpSavings!!,2726,24,0,2022-10-24 01:10:10+03:00,2.492
OrDVcwaPRH8,UCCwRJQvzyf7O3Dt9PVIkECA,    Smart Money Lab,    How to Save Money Fast | Personal Finance for Beginners,31,4,1,2026-07-24 15:53:41+03:00,2.48
bgAmexfyVOI,UCOHxDwCcOzBaLkeTazanwcw,Bravos Research,History is About to Be Made.,444956,10301,59,2026-06-02 20:26:30+03:00,2.4752
qkOdu1ka8kM,UC6n_zKxpkPFg5H3aaS7wrwQ,John Muscarello,Everything You Need To Know About Amazon Wholesale In 2026 From An $80M+ Seller,419,19,13,2026-05-29 19:00:29+03:00,2.4734
14V7q4gHKFo,UCDXTQ8nWmx_EhZ2v-kp7QxA,Ben Felix,The Rise of ETF Slop,505646,12580,1187,2026-01-11 14:00:03+03:00,2.4722
ZPEWazS_zyw,UC0jVMGbh5CQgsVAcbF9HZVw,Investor Uday,Capital Required for Full-Time SwingTrading? (Realistic & Practical Guide),3067,122,13,2026-07-06 19:09:35+03:00,2.4585
Rzb4SH8D7h4,UCSvdGqBMo6qY5T-KCOUUNIA,Maria's Budgeting,January 2026 Budget | Cash Envelope and Sinking Fund Stuffing | Paycheck 2 | 26 Year Old Budgeter,2269,114,18,2026-03-03 18:38:54+03:00,2.4509
1UY0uS6Z6oE,UCkcnYVAVZQOB-nXHechtXDg,Benjamin,The Most Violent Wallstreetbets Losses,3724078,89741,3874,2021-08-31 18:40:31+03:00,2.4495
cZcprj_8wEM,UCBayuhgYpKNbhJxfExYkPfA,Ross Cameron - Warrior Trading,BIGGEST RED DAY OF 2026,59191,2623,898,2026-08-08 02:00:16+03:00,2.4441
ZZ84My1oBAs,UCkQA8OxvAOFet9IED4qfnHQ,Pinoy.PersonalFinance,Kung Mag-Start Ako ulit sa ZERO this Year — Ito ang Exact Plan na Gagawin Ko,8445,267,55,2026-03-06 17:01:02+03:00,2.4424
x02FitHFKmc,UCcygJ-_20B6I1w-Sd-7JsJQ,FIN-LYT by EWA®,When Is Enough Enough? The Psychology of Wealth,1973,42,2,2025-12-23 18:01:55+03:00,2.4382
J7BnqGh4MW4,UCcygJ-_20B6I1w-Sd-7JsJQ,FIN-LYT by EWA®,Fixed Income for High-Net-Worth Investors: Where to Put Your Safe Money,918,15,1,2026-04-21 17:00:35+03:00,2.4357
sot7R82RGDM,UC_4e5fSTA81NyWHHJXI0vug,Simple Crypto Advice,Message me for more info!🇺🇸t.me/JakeclaverHQ #xrp #crypto #bitcoin #investing #news #usa #america,919,24,0,2026-01-11 02:53:01+03:00,2.4357
2aC5mXYaugc,UCJ3bMRqtGs6_YyI-DFmgIUw,Andrew Giancola,Why the First $100K Is the Most Important Financial Milestone,5156,82,24,2026-07-21 23:12:57+03:00,2.431
cSHz8CocvBs,UCc4xrZAgAc_e5lPsfqqYAgg,MoneyPop Basics,The Ultimate Money Rule for Beginners,700,25,4,2026-05-20 02:27:04+03:00,2.423
qRxTr3JOOxI,UCemb1I8KV45MbWokk-Z_GSw,Rochit - SEBI RA,Cupid Stock Explained: Real Growth or Bubble? by SEBI RA,14707,217,14,2026-07-18 06:45:09+03:00,2.4061
FGYryDSwRBk,UCxGoymtTKiZd_SlSI58rVAA,Money Management,NIO: Critical Support Level. Bullish Scenario Depends on This! Details Inside!,637,30,1,2026-08-09 17:00:35+03:00,2.4048
ccxnBWXWmZ8,UCyBWmsr_ONhzUK-pwjTTbWw,DebtEfficiencyMethod,You’re Paying Off the Wrong Credit Card First,887,3,0,2026-07-22 20:37:17+03:00,2.3973
LQ_xCttn_8k,UCQpPo9BNwezg54N9hMFQp6Q,Nischa,9 Little Luxuries That Completely Changed My Daily Life,199047,6109,302,2026-05-24 17:19:23+03:00,2.3925
RiE8tg1zfFw,UC94m18wtI9QAYrXKXqFPWDg,Ben Mallah,I bought an Apartment Complex,416187,11622,1071,2026-07-04 00:02:02+03:00,2.3919
Dfpt50WKh6M,UCB5ZZx-gaW0kNvD2siezozg,Della Debt Payoff,"February 2026 Debt Payoff Update! | Consumer Loans, Student Loans & Mortgage",936,68,12,2026-03-06 19:40:45+03:00,2.3823
mYBsi-93Nfg,UC0jVMGbh5CQgsVAcbF9HZVw,Investor Uday,This ETF SIP Strategy Can Outperform Mutual Funds,5317,201,31,2026-01-23 17:09:30+03:00,2.3789
ump0GjjZ8Dg,UC5fZv7bPcF5j2RsfO-9OiLA,Investor's Business Daily,"Stocks Slammed As Oil, Yields Surge Again; AMAT, VIK, United Rentals In Focus | Stock Market Today",8519,260,2,2026-07-23 23:48:52+03:00,2.3696
Cnr_agvQXts,UC4_aeHO9Et1h3rEpQAtMAPw,Bradley on a Budget,Doing everything free in NYC for 24 hours,1087254,43743,571,2026-07-14 03:22:38+03:00,2.3685
YyYcC2BXMN0,UCJOEdSichqfXiNO_eyhFqBw,OneUpSavings,Go to @oneupsavings on instagram!!,1475,28,0,2022-09-28 19:25:47+03:00,2.3532
Oa3kP_atLAw,UCSPYNpQ2fHv9HJ-q6MIMaPw,The Financial Diet,7 Rules For Being Rich,112072,3216,444,2026-07-17 19:00:02+03:00,2.347
SSx-Q1aA3yQ,UCXXrF5YWtXm8mWx-dR0KG7A,Secrets of Stock Market,Chapter 06 | NISM Series 8: The Ultimate Guide to Equity Derivatives | Pass in 1st Attempt,2608,39,3,2025-10-06 21:45:01+03:00,2.3453
uJW5vIOmg6I,UC6n_zKxpkPFg5H3aaS7wrwQ,John Muscarello,66 Minutes Of Secrets NO ONE Is Sharing About Making Millions On WhatNot,1075,34,3,2026-03-13 19:01:38+03:00,2.339
eYaOZohkt_I,UC4_aeHO9Et1h3rEpQAtMAPw,Bradley on a Budget,What I ate as a picky eater at my friends wedding,1168161,55795,856,2026-06-27 19:46:24+03:00,2.3384
QVgyPSJimI4,UC4_aeHO9Et1h3rEpQAtMAPw,Bradley on a Budget,When you’ve been single for 9 years...,1147548,43556,2515,2026-08-05 03:10:04+03:00,2.3351
lSKtAtTr5XA,UCbnOUk6EiEzry7Z5IBgvG3g,stock market analysis ,29 March 2026,4,2,0,2026-03-28 22:22:11+03:00,2.3333
2S-qzOmofP4,UCuCL2wCePWeblnWDnNjoy-g,Principles Personal Finance,"I'll Save You £250,000 Of Inheritance Tax In 20 Minutes",81901,1291,152,2025-07-21 19:30:02+03:00,2.3231
eBmr9LHuWfY,UCXVLLaHBapDimnNzS1wx2qw,Break Into CRE,Your Income at Every Level of Commercial Real Estate [2026 Data],5306,121,13,2026-05-21 14:30:21+03:00,2.3184
ujdPo7MPmV4,UChObmEJP3bgGUXJGc2ePP3Q,Our Rich Journey,QQQ vs VGT: The Best Tech ETF to Buy Before It's Too Late (Most Investors Get This Wrong),46300,2379,217,2026-05-31 19:00:00+03:00,2.3172
1Ob-hAYCnJE,UCDXTQ8nWmx_EhZ2v-kp7QxA,Ben Felix,Investing 101,321484,11476,591,2025-11-09 16:00:06+03:00,2.3163
QXXKUyPoWtQ,UCT3EznhW_CNFcfOlyDNTLLw,Minority Mindset,Use Your Paycheck To Do These 5 Things And Never Work Again,297751,10154,338,2026-06-25 14:30:00+03:00,2.3145
3db5MyGIUBE,UCFBpVaKCC0ajGps1vf0AgBg,Humphrey Yang,Average 401K Balance By Age - 2026 Edition!,270698,2879,972,2026-07-09 21:00:01+03:00,2.3123
TwHBAUs9S7Q,UCXzSlkirH197OYJt20qZqvQ,Finance & U,How to Reach Your First 10 Lakhs | Financial Milestone,17271,225,4,2025-11-15 14:48:14+03:00,2.3093
9PHPEV9MKOg,UCXzNNA2ngRpRiWvyA7eGd6w,Nick Invests,Why Most People Never Become Millionaires - And Why SOME Do,13975,402,133,2026-07-15 23:41:30+03:00,2.3091
3ePxWAppLP0,UCGzT_Qn6u8Nksu5_8Z46gqQ,Financial Education By Mukul Agrawal,Zindagi Bhar Ke Liye Sirf 2 Mutual Funds? Real Data Se Sach | Nifty 50 vs Momentum Fund,9760,509,11,2026-07-21 16:00:37+03:00,2.3083
UiYaYN61cFs,UCMw07uiVxGULqePlrOZnx9A,Personal Finance with Leila - Debt Over It,people plan to retire early,30121,836,164,2026-06-11 19:02:29+03:00,2.3061
LdlCjm5lwMM,UC0jVMGbh5CQgsVAcbF9HZVw,Investor Uday,How I Make Money with Swing trading | Swing Trading Strategy |Ft. Shobhit Aggarwal | The 3%ers-EP-1,4874,164,48,2026-03-02 18:44:48+03:00,2.3054
xYzsoeJy1oM,UCFBpVaKCC0ajGps1vf0AgBg,Humphrey Yang,Your 401k is about to buy SpaceX stock automatically: here's why.,266079,6133,427,2026-05-26 01:00:06+03:00,2.3007
i3NittyekA4,UCr4XXQznhlgfzo4mwOgkF8w,Investing Simplified - Professor G,🚨Opportunity of a Life Time! (These 6 Stocks Could PRINT Millions Soon),223223,6539,614,2026-06-20 16:00:08+03:00,2.2992
zZDD990DspE,UCSvdGqBMo6qY5T-KCOUUNIA,Maria's Budgeting,February 2026 Budget | Cash Envelope and Sinking Fund Stuffing | Paycheck 1 | 26 Year Old Budgeter,2532,141,10,2026-03-09 17:44:21+03:00,2.292
mRa7OAvGpmQ,UCyKdgkl95vgEawz06gYf7qw,JENNIFER COOK,30 Useful Money-Saving Tips (these will help you SAVE money every month!),40970,1644,99,2025-02-22 17:00:54+03:00,2.2903
1Ac5zDTHrAc,UCoAuxtwgh8LSHeMFqEwjgHA,Steve Miller,How to Spot a Bottoming Phase | Gold Analysis and Outlook,3651,172,22,2026-08-09 16:30:19+03:00,2.29
rAP08HRnzII,UCyKdgkl95vgEawz06gYf7qw,JENNIFER COOK,28 Practical Money-Saving Tips to Live Below Your Means,71431,2579,323,2025-09-06 16:01:40+03:00,2.2897
V0IvmyO7vXQ,UCzOAAJUiSO2uyu1xyxw__2Q,Side Hustle Nation,The Profitable Side Hustle That Helps Families in Need: Online Estate Sales,46927,41,15,2026-05-20 17:00:34+03:00,2.2893
7-sMBuh1Gq0,UCJwAhdKW7VUAqqkyU3YMiCA,Financial Education,INVESTMENT WITH 1000$ DOLLARS #investment #1000usd #rich #stockexchange,8,1,0,2023-08-17 00:16:08+03:00,2.2857
9Wb_FAwXSRs,UCsdsKZW4OFml3ZOmefkZ6NA,Erika B. I Real Estate Investing & Wealth Building,3 Best Cities to Invest in Real Estate in 2026(Follow the Money),484,19,6,2026-06-14 07:00:14+03:00,2.2803
GVvIcxHuVb8,UC3XS0ijFO4BgZTetnJHsJ1g,Stock analysis,Kongsberg Gruppen Q2 2026 - Explosive Growth,272,5,0,2026-07-21 23:25:16+03:00,2.28
PZgrP0njPGc,UCA8P3Rgfjn0IFZL4bmrKbrg,Rule #1 Investing,"Are Software Stocks Dead, or a Generational Buying Opportunity?",69953,1515,184,2026-05-15 16:30:27+03:00,2.2785
U2TrrO8SdvM,UChObmEJP3bgGUXJGc2ePP3Q,Our Rich Journey,We Escaped Portugal for Croatia - How Much Did It Cost Us? Could We Retire Early in Croatia?,39694,1837,100,2026-06-14 19:00:01+03:00,2.2725
QAB1UEP1UhA,UC0LQqb2IIPnK5PHGbGs9QIw,Money Managers,Our Low-Cost Sabbath Wedding-God Restored Our Marriage,4251,161,62,2024-06-30 20:00:30+03:00,2.2684
ZQw7BMOhPdI,UCyim6sFnx1jhBa4I9TrDgHg,Save with Jenny,January 2026 Dividend Update | $133.66 in Passive Income | Dividend Portfolio,367,41,18,2026-02-08 22:07:11+03:00,2.2682
GTGsPR5pAl8,UCqW8jxh4tH1Z1sWPbkGWL4g,Akshat Shrivastava,Biggest Wealth Transfer has started | 5 Macro Predictions for 2026,390309,5543,450,2026-05-25 18:00:28+03:00,2.2611
rAgUDHz2PzA,UCOEZmyqPYJzXOdB9QF_pBDA,Katie Tutorials,My best quotex trading strategy impressive results,106152,2642,112,2025-10-25 17:40:43+03:00,2.2608
lUv27513cfU,UCkcnYVAVZQOB-nXHechtXDg,Benjamin,Unemployed Guy Explains Option Trading in 5 Levels of Complexity,2693649,99961,2152,2022-05-02 18:00:22+03:00,2.2583
IQeuWj4rxSc,UCV6KDgJskWaEckne5aPA0aQ,Graham Stephan,How Much Money Doctors Make!,330277,6978,223,2026-07-01 19:00:25+03:00,2.2541
VBxDs9ueNDU,UCZl9ry5ew_2YeCQ6ECk8sxA,Easy Peasy Finance,Control Money or Be Controlled,1131,13,2,2026-07-17 16:00:01+03:00,2.2539
5hyaM0l8UJU,UC3DvxD4Ox595k2bgkyEVspA,Mr Iid,how to save money Effectively 2026,9,1,0,2026-07-01 00:08:45+03:00,2.25
lu0WCnddY5I,UCOHxDwCcOzBaLkeTazanwcw,Bravos Research,History is About to Be Made... (Emergency Update),421946,11609,94,2026-01-28 20:29:57+03:00,2.2468
mA_kr_IB9z0,UCGzT_Qn6u8Nksu5_8Z46gqQ,Financial Education By Mukul Agrawal,PM Modi Ki Warning? | Oil crisis ka Indian economy par kitna danger hai? | Market Full Analysis,6289,312,28,2026-05-14 16:01:29+03:00,2.2419
5yT-W8yn1qE,UCubrLBIOAbNoPBwKtd_KI8g,ETF Investments,SMH vs SOXX: Which Semiconductor ETF Is Better?,2432,77,16,2026-07-06 01:00:19+03:00,2.2385
KfjxgevssGY,UCzOAAJUiSO2uyu1xyxw__2Q,Side Hustle Nation,"How We Made $5,000 Last Weekend Renting Tents (Luxury Slumber Parties)",55707,64,13,2026-05-08 17:00:11+03:00,2.2282
6pN4AJD-xEw,UCA8P3Rgfjn0IFZL4bmrKbrg,Rule #1 Investing,The Writing is on the Wall for Fund Managers...,16290,507,35,2026-02-07 15:45:00+03:00,2.2166
d-SagPpEz80,UCFCEuCsyWP0YkP3CZ3Mr01Q,The Plain Bagel,The Risk the War in Iran Poses to the Global Economy,448134,10999,876,2026-03-06 20:20:58+03:00,2.2163
MOjS2zuQMdo,UCDXTQ8nWmx_EhZ2v-kp7QxA,Ben Felix,The Most Important Lessons in Investing,216961,9708,390,2024-04-12 00:02:13+03:00,2.2162
5eg6IbOi0M0,UC1XRSWmlx6pP00Aipfm7Agw,Stock analysis and Tutorial,"NEPSE Update (Magh 25)  📈 UPPER, RIDI, KKHC, AKJCL, SSHL Stock Analysis | Technical Breakdown",307,8,2,2026-02-08 17:57:31+03:00,2.215
1yHcYrVEldQ,UCbKdotYtcY9SxoU8CYAXdvg,"Let's Talk Money! with Joseph Hogue, CFA",5 Insanely Cheap AI Stocks to Buy Now,74758,1469,406,2026-06-03 18:45:17+03:00,2.2112
J0n3BZmUliE,UCFBpVaKCC0ajGps1vf0AgBg,Humphrey Yang,The Biggest Wealth Killers in Your 20s and 30s (Avoid At All Costs),366452,6580,553,2026-06-11 21:00:05+03:00,2.2067
NlAtJtZXGsQ,UC5fZv7bPcF5j2RsfO-9OiLA,Investor's Business Daily,"Chip Stocks, Tech Earnings Fuel Nasdaq Rally; Credo, AEHR, Astronics  In Focus | Stock Market Today",6802,261,33,2026-08-12 23:36:15+03:00,2.2065
YUwjueXzffE,UCOHxDwCcOzBaLkeTazanwcw,Bravos Research,History is About to Be Made.,376134,8112,62,2026-05-01 19:30:02+03:00,2.2021
pNTZrmawW3k,UC94m18wtI9QAYrXKXqFPWDg,Ben Mallah,I bought a Tesla Dealership,441044,10156,837,2026-06-21 23:19:32+03:00,2.2013
uHnbkpQmi3o,UCQA7GqioB626J6GTUKoRzew,Covered Call ETF Investing,"I'm Putting $110,000 Cash Into These High Yield ETFs",5689,215,55,2026-07-31 00:56:22+03:00,2.1892
4OjSBLzQ9Go,UCHoVIiKP2bYf1af7MKi9dfg,ETF Pulse,ETF investors ke liye saandar mauka,3098,113,9,2026-07-20 17:31:09+03:00,2.1863
e_Pfx7oFZyo,UCV6KDgJskWaEckne5aPA0aQ,Graham Stephan,BREAKING: China’s ENTIRE Housing Market Just Collapsed,396243,10685,1532,2026-07-15 23:00:39+03:00,2.184
4qONQGxzYoU,UC-w-iUpesxM1vMBTwKkhm9A,Crypto Barta,Cryptocurrency News Today | Bitcoin Market Updates & Analysis,2678,175,97,2026-07-27 17:46:49+03:00,2.1829
ZU1SFDvzRnU,UC0LQqb2IIPnK5PHGbGs9QIw,Money Managers,Land Buying Strategy For Beginners,4018,219,34,2024-03-08 19:00:23+03:00,2.1818
vixWn9HOSLg,UCY2zfrNp3wx_6798b6lkj-g,Rick Explains,Why You Should Never Tell Your Bank How Much You Make,23,0,1,2026-03-19 12:19:01+03:00,2.1698
jkB6Etn21MQ,UC5fZv7bPcF5j2RsfO-9OiLA,Investor's Business Daily,"Is This The Market Turn We Were Hoping For? Viking, PriceSmart, GE In Focus | Stock Market Today",9877,263,24,2026-08-03 23:39:17+03:00,2.1691
uEI60-FcrsE,UCkcnYVAVZQOB-nXHechtXDg,Benjamin,I Tested The Most Terrifying Investment Strategy,1833822,54393,2023,2022-08-19 18:00:36+03:00,2.1688
fe2lo4IDoS0,UCBqvATpjSubtNxpqUDj4_cA,Anshuman Sharma,Careless Couple Spends 50 Lakh On Delhi Lifestyle | FYF Ep. 129,146411,2308,1277,2026-07-03 17:30:16+03:00,2.1687
sL1oLjHALW0,UCOEZmyqPYJzXOdB9QF_pBDA,Katie Tutorials,Secret 1 minute Method and 100% best indicators | Pocket option strategy,136446,2967,145,2025-03-15 19:32:10+03:00,2.1668
ko3q6Cz6Biw,UCN-Enh5DrQ9SZRnyKqC4zBA,Finance Explained 2026,Why the Trade Deficit Matters (Simple Explanation),21,2,0,2026-04-03 16:01:31+03:00,2.1649
kHZH8gxfVmI,UCemb1I8KV45MbWokk-Z_GSw,Rochit - SEBI RA,The Real Reason Behind Power Stock Rally by SEBI RA,35892,718,5,2026-05-10 17:21:56+03:00,2.1643
SWxPrwltf0Y,UCZ30vPTrBcY5X0PDg3Pf9Cg,Merriman Market Analyst,"April 1st, 2026: Special Guest Christeen Skinner Joins to Talk Mundane, Markets, and More!",1247,99,18,2026-04-01 22:12:41+03:00,2.164
Lub1fyDcR_k,UCH9HlTrjyLmLRS0iE1P4rrg,Money Rules - Investing Tips ,"""The XRP Price Bottom Is In"" Insane Ripple Price Prediction We Could See A Mega Rebound In Price",24065,2080,615,2026-07-08 14:02:56+03:00,2.1634
MljRkSGBhqY,UCV6KDgJskWaEckne5aPA0aQ,Graham Stephan,Why Bobby Left Our Podcast...,398566,12602,190,2026-07-10 19:00:05+03:00,2.1603
b5NANpwIRbA,UCWadGv7GpSiaDVwUh6JuI3A,Jeet Crypto,The Crypto Market Just Changed. I'm Finally Bullish.,25620,1323,184,2026-07-30 12:05:24+03:00,2.1557
I9p_G5q1y3U,UCxGoymtTKiZd_SlSI58rVAA,Money Management,NIO: William Li Speaks! Huge Targets Ahead for NIO! Wait For The Major Move!,887,48,7,2026-06-18 17:00:03+03:00,2.1544
pEQsDHZxcxA,UCuWUqge06kLz4EqWvQScAeg,Budget with Himani,January 2024 Priority Binder part1 #shorts #budget #cashstuffing,9201,194,6,2024-01-11 20:49:08+03:00,2.1509
J7jdcu-JKQg,UCuWUqge06kLz4EqWvQScAeg,Budget with Himani,Budget binder part 2 #budgeting #budgetbinder #cashstuffing,10296,203,4,2024-01-14 11:11:09+03:00,2.1503
-bYwEuNZw1s,UCuCL2wCePWeblnWDnNjoy-g,Principles Personal Finance,Inheritance Tax Just Got Worse (Fix THIS Now),73670,925,225,2025-07-01 19:30:00+03:00,2.1501
n0vSTBs_kTA,UCemb1I8KV45MbWokk-Z_GSw,Rochit - SEBI RA,Rajesh Exports Stock Crash Explained | SEBI Allegations & Full Story,12732,171,8,2026-06-17 06:30:30+03:00,2.1483
HBfJqJlLAXM,UCWadGv7GpSiaDVwUh6JuI3A,Jeet Crypto,Bull market in 2027 ?,23952,985,94,2026-08-06 18:56:24+03:00,2.1455
fT_T43dBKX8,UCD0OVuUSqLZYQjFTU2ytjRg,BillSavings,7 Cool Gadgets to save you Money... TODAY | BSPtv-Ep13,416,0,0,2009-03-19 17:31:24+02:00,2.1443
s-rRPgyQ77s,UCeWdmc6Bsn4OSSBfMdgErDQ,Personal finance For beginners,How to Budget When Your Paycheck Changes Every Month,10,0,0,2026-08-11 17:47:51+03:00,2.1429
w6zv1lgCS98,UCWadGv7GpSiaDVwUh6JuI3A,Jeet Crypto,Best tokens ?,36772,1221,89,2026-07-21 18:26:39+03:00,2.1411
pot3uCSfD2w,UC4_aeHO9Et1h3rEpQAtMAPw,Bradley on a Budget,My night working on a crisis hotline,978038,37966,506,2026-07-10 03:00:15+03:00,2.1332
pPZb7mvFSYk,UCywF5mejRy9HmTgJYxx_9sg,2 MIN MONEY MANAGEMENT (2MMM),Franklin Templeton E Voting | Super Clarity |  2 Minutes Money Management | Chaandan Savant,930,41,17,2020-05-29 23:38:54+03:00,2.1306
mGxdw7icPn4,UCZ30vPTrBcY5X0PDg3Pf9Cg,Merriman Market Analyst,"May 13th, 2026: Dr. Christof Niederwieser Joins to Discuss Evolving World Order",1285,77,7,2026-05-13 22:30:41+03:00,2.1289
WYDboLzXr9A,UCSvdGqBMo6qY5T-KCOUUNIA,Maria's Budgeting,June 2026 Budget | Cash Envelope and Sinking Fund Stuffing | Paycheck 1 | 26 Year Old Budgeter,1052,82,7,2026-07-31 22:08:46+03:00,2.1283
hbAyC-uWu0I,UCxmorbDaKl3yM5si8UsDqfg,Money Saving Man,Human Vs AI 2026😈🤖,59837943,493539,1753,2025-11-22 16:27:00+03:00,2.1255
Yt3Z2SonY0c,UC02XFdLbgdhnNr8d3Pk3RWQ,HundredsK,Stop Trying to Save Money — Do This Instead | Money Saving Tips,90,1,0,2026-04-07 01:00:40+03:00,2.1239
dBVAiSPUtAI,UC_4e5fSTA81NyWHHJXI0vug,Simple Crypto Advice,Message me for more info t.me/JakeclaverHQ#xrp #investing #crypto #bitcoin #america #news #usa,806,18,0,2026-01-08 22:01:51+03:00,2.1205
TlnPl-59xGQ,UCJOEdSichqfXiNO_eyhFqBw,OneUpSavings,My name is Bella Hadid...,2193,15,0,2022-10-14 03:32:07+03:00,2.1197
D_NThm91IDI,UCT3EznhW_CNFcfOlyDNTLLw,Minority Mindset,How The Wealthy Invest Before A Market Downturn,106240,2999,317,2026-08-05 14:30:23+03:00,2.1086
YDdcYQDkuLc,UCFBpVaKCC0ajGps1vf0AgBg,Humphrey Yang,What are RSUs? Explained in simple terms.,289757,5588,106,2026-06-20 17:30:15+03:00,2.1078
XY_8_jObEko,UC6n_zKxpkPFg5H3aaS7wrwQ,John Muscarello,"He Made $27,000 in ONE Month with the Amazon Influencer Program",345,0,0,2026-07-17 19:00:07+03:00,2.1065
mQfY7ADUXBc,UCFBpVaKCC0ajGps1vf0AgBg,Humphrey Yang,EVERY Strategy to Retire Early Explained,343869,6405,995,2026-06-04 21:00:33+03:00,2.1037
43Pn-2kqZ_k,UCcrMuIay5vF7GUbqyB66Onw,Side Hustle Review,"did you think amazon kdp didnt work? it does, if you know the game",952,7,0,2026-08-02 18:49:05+03:00,2.102
5EWMmKZOIUQ,UCXXrF5YWtXm8mWx-dR0KG7A,Secrets of Stock Market,Certification Overview | NISM Series 8: The Ultimate Guide to Equity Derivatives Pass in 1st Attempt,6241,83,2,2024-10-10 10:22:00+03:00,2.1015
Fx_xItGR7tY,UCSPYNpQ2fHv9HJ-q6MIMaPw,The Financial Diet,No Influencers Allowed,133992,9288,257,2026-07-30 09:45:10+03:00,2.1013
dpc4vLnYGNI,UCuWUqge06kLz4EqWvQScAeg,Budget with Himani,4 week of 40 weeks savings challenge,8875,158,1,2025-02-16 16:55:54+03:00,2.0968
rVMa0bYgdz0,UCbrzodypxhc9_cOg5kqre6Q,Atul Patel ,📊 Swing Trading Monthly PnL || Atul Patel,13569,444,66,2026-08-02 13:48:58+03:00,2.0927
8ChjCeH-fKs,UCuCL2wCePWeblnWDnNjoy-g,Principles Personal Finance,The 2026 Pension Strategy That Changes Everything (Why I'm Rethinking Retirement),44758,1007,243,2026-01-27 20:15:01+03:00,2.0888
UeAqMzzvEeQ,UC0LQqb2IIPnK5PHGbGs9QIw,Money Managers,Top 5 Dividend Paying Stocks in Botswana,3622,184,28,2025-03-21 17:00:07+03:00,2.0826
-2lvG5iBmn8,UCCwRJQvzyf7O3Dt9PVIkECA,    Smart Money Lab,The 50/30/20 Budget Rule Explained (And How to Fix It),32,2,0,2026-07-26 14:39:19+03:00,2.0779
KkOUhE4Ooaw,UCE_3rY0X_RdY3R0rwBFG5hw,For The Love of Budgeting   F.L.O.B,Unstuffing my completed 10k Challenge!🎉🎉🎉🎉🎉,960,147,67,2026-08-12 07:00:23+03:00,2.0779
eztHqBW1Z3I,UCSvdGqBMo6qY5T-KCOUUNIA,Maria's Budgeting,May 2026 Budget | Cash Envelope and Sinking Fund Stuffing | Paycheck 1 | 26 Year Old Budgeter,1663,118,14,2026-06-25 17:43:01+03:00,2.0674
Yg1fKoNLYNM,UCeUyx-u4JxLZyzQiIZODXiQ,Gold&Money Saving Video,💎10 பவுன் நகை அடகு வைத்தால் எவ்வளவு அமௌன்ட் கிடைக்கும் ❗எவ்வளவு கிராம் எடுக்கலாம்💎#tamil #gold#money,8653,0,10,2026-05-24 07:46:25+03:00,2.0644
C4Rl_-4iYnE,UC0LQqb2IIPnK5PHGbGs9QIw,Money Managers,Studio Pad vs Bachelor Pad: Which is the Better Investment?,3240,109,22,2025-06-20 17:00:29+03:00,2.0633
QWVMoAMnQ1Y,UCeUyx-u4JxLZyzQiIZODXiQ,Gold&Money Saving Video,❗தங்கம் வந்து தொடர்ந்து சரிந்து கொண்டே இருக்கு💎இப்ப எப்படி கோல்டு சேவிங்ஸ் பண்றது❗#tamil #2026 #gold,4891,0,5,2026-06-05 08:02:54+03:00,2.0632
Tnergh9lma0,UChObmEJP3bgGUXJGc2ePP3Q,Our Rich Journey,How to Pay $0 in Taxes in Early Retirement - The IRS Loophole for $120K Income and $0 Taxes in FIRE!,39030,2278,159,2026-03-15 19:00:46+03:00,2.0621
